"sidewalks_id","full_street_name","pedestrian_facility_type","functional_condition","shape_len"
"29","LAKE AUSTIN BLVD","DRIVEWAY","PENDING ASSESSMENT","45.2839087440287"
"32","REGENTS PARK","DRIVEWAY","PENDING ASSESSMENT","15.9328683549868"
"33","REGENTS PARK","DRIVEWAY","PENDING ASSESSMENT","13.2300779732138"
"34","REGENTS PARK","DRIVEWAY","PENDING ASSESSMENT","17.4950559565288"
"37","LIBERTY PARK DR","DRIVEWAY","PENDING ASSESSMENT","58.8329952331099"
"38","DEERFOOT TRL","DRIVEWAY","PENDING ASSESSMENT","26.6843294371764"
"39","DEERFOOT TRL","DRIVEWAY","PENDING ASSESSMENT","17.8183892391905"
"40","DEERFOOT TRL","DRIVEWAY","PENDING ASSESSMENT","21.9004672709199"
"41","DEERFOOT TRL","EXISTING_SIDEWALK","PENDING ASSESSMENT","190.00119093876"
"42","DEERFOOT TRL","DRIVEWAY","PENDING ASSESSMENT","23.3983312112812"
"43","DEERFOOT TRL","DRIVEWAY","PENDING ASSESSMENT","16.9943135014675"
"45","DEERFOOT TRL","DRIVEWAY","PENDING ASSESSMENT","17.0443319382228"
"46","SPYGLASS DR","DRIVEWAY","PENDING ASSESSMENT","55.1583995560017"
"50","BARTON HILLS DR","DRIVEWAY","PENDING ASSESSMENT","21.7531559540125"
"54","COLORADO XING","DRIVEWAY","PENDING ASSESSMENT","35.4467940740567"
"57","MESSENGER STAKE","DRIVEWAY","PENDING ASSESSMENT","34.1022847820872"
"58","MESSENGER STAKE","DRIVEWAY","PENDING ASSESSMENT","31.6817255734863"
"61","TRIPLE CROWN","DRIVEWAY","PENDING ASSESSMENT","29.443199668455"
"62","TRIPLE CROWN","DRIVEWAY","PENDING ASSESSMENT","25.2882514837103"
"63","HAMBLETONIAN","DRIVEWAY","PENDING ASSESSMENT","27.1884268019033"
"64","HAMBLETONIAN","DRIVEWAY","PENDING ASSESSMENT","27.6464438983154"
"102","LAKE AUSTIN BLVD","DRIVEWAY","PENDING ASSESSMENT","45.9520191963454"
"103","LAKE AUSTIN BLVD","DRIVEWAY","PENDING ASSESSMENT","18.53046201314"
"104","LONG CHAMP DR","DRIVEWAY","PENDING ASSESSMENT","23.331335406465"
"106","BELMONT PARK DR","DRIVEWAY","PENDING ASSESSMENT","11.0582056817547"
"108","CEDAR ST","DRIVEWAY","PENDING ASSESSMENT","52.236897441054"
"109","LONG CHAMP DR","DRIVEWAY","PENDING ASSESSMENT","16.9600935635417"
"110","BELMONT PARK DR","DRIVEWAY","PENDING ASSESSMENT","13.5519387041311"
"111","BELMONT PARK DR","DRIVEWAY","PENDING ASSESSMENT","15.4320601375186"
"112","BELMONT PARK DR","DRIVEWAY","PENDING ASSESSMENT","18.1733034714438"
"113","BELMONT PARK DR","DRIVEWAY","PENDING ASSESSMENT","18.3555013231802"
"125","LONG CHAMP DR","DRIVEWAY","PENDING ASSESSMENT","33.6137011915909"
"126","LONG CHAMP DR","DRIVEWAY","PENDING ASSESSMENT","46.0850718164774"
"127","LONG CHAMP DR","DRIVEWAY","PENDING ASSESSMENT","43.0876963080973"
"128","LONG CHAMP DR","DRIVEWAY","PENDING ASSESSMENT","59.4508209780474"
"131","MOUNTAIN VILLA DR","DRIVEWAY","PENDING ASSESSMENT","20.7391786359244"
"132","MOUNTAIN VILLA DR","EXISTING_SIDEWALK","PENDING ASSESSMENT","187.201902305179"
"134","BELMONT PARK DR","DRIVEWAY","PENDING ASSESSMENT","46.3429511348555"
"135","BELMONT PARK DR","DRIVEWAY","PENDING ASSESSMENT","16.4297219492211"
"137","WESTLAKE DR","DRIVEWAY","PENDING ASSESSMENT","17.424548240244"
"138","WESTLAKE DR","DRIVEWAY","PENDING ASSESSMENT","17.4008804684495"
"140","BARTON HILLS DR","DRIVEWAY","PENDING ASSESSMENT","25.6696667761716"
"141","BARTON HILLS DR","DRIVEWAY","PENDING ASSESSMENT","36.1238496247837"
"143","BARTON HILLS DR","EXISTING_SIDEWALK","PENDING ASSESSMENT","88.2443751166147"
"144","SPYGLASS DR","DRIVEWAY","PENDING ASSESSMENT","93.469874811819"
"145","SPYGLASS DR","DRIVEWAY","PENDING ASSESSMENT","25.6641705976823"
"146","SPYGLASS DR","DRIVEWAY","PENDING ASSESSMENT","65.2166427809962"
"148","BARTON HILLS DR","DRIVEWAY","PENDING ASSESSMENT","39.4286224897739"
"149","WESTLAKE DR","DRIVEWAY","PENDING ASSESSMENT","17.5854850423836"
"150","WESTLAKE DR","DRIVEWAY","PENDING ASSESSMENT","16.844512583334"
"154","CARRY BACK LN","DRIVEWAY","PENDING ASSESSMENT","20.882316486556"
"155","CARRY BACK LN","DRIVEWAY","PENDING ASSESSMENT","19.2756159838405"
"156","CARRY BACK LN","DRIVEWAY","PENDING ASSESSMENT","15.7787873997936"
"157","CARRY BACK LN","DRIVEWAY","PENDING ASSESSMENT","14.5389503131717"
"158","CARRY BACK LN","DRIVEWAY","PENDING ASSESSMENT","24.962274756517"
"161","CARRY BACK LN","DRIVEWAY","PENDING ASSESSMENT","24.3392193354824"
"162","CARRY BACK LN","DRIVEWAY","PENDING ASSESSMENT","15.9362748073332"
"166","RIVA RIDGE RD","DRIVEWAY","PENDING ASSESSMENT","21.211558431592"
"167","RIVA RIDGE RD","DRIVEWAY","PENDING ASSESSMENT","20.900759114449"
"168","RIVA RIDGE RD","DRIVEWAY","PENDING ASSESSMENT","20.9921327478391"
"169","RIVA RIDGE RD","DRIVEWAY","PENDING ASSESSMENT","19.0086637639876"
"177","RIVA RIDGE RD","DRIVEWAY","PENDING ASSESSMENT","26.0019362848152"
"178","RIVA RIDGE RD","DRIVEWAY","PENDING ASSESSMENT","18.1426553335897"
"179","RIVA RIDGE RD","DRIVEWAY","PENDING ASSESSMENT","21.042836574216"
"180","RIVA RIDGE RD","DRIVEWAY","PENDING ASSESSMENT","18.6686653672421"
"181","RIVA RIDGE RD","DRIVEWAY","PENDING ASSESSMENT","22.879719725621"
"182","RIVA RIDGE RD","DRIVEWAY","PENDING ASSESSMENT","19.8257637931563"
"183","RIVA RIDGE RD","DRIVEWAY","PENDING ASSESSMENT","13.5876469622445"
"186","RIVA RIDGE RD","DRIVEWAY","PENDING ASSESSMENT","16.5389457355331"
"187","RIVA RIDGE RD","DRIVEWAY","PENDING ASSESSMENT","12.4474207690741"
"197","ROUND TABLE RD","DRIVEWAY","PENDING ASSESSMENT","9.85402067607903"
"198","ROUND TABLE RD","DRIVEWAY","PENDING ASSESSMENT","13.0756966846239"
"202","WAYMAKER WAY","DRIVEWAY","PENDING ASSESSMENT","23.3553612422977"
"204","WAYMAKER WAY","DRIVEWAY","PENDING ASSESSMENT","19.6551803899661"
"210","WAYMAKER WAY","DRIVEWAY","PENDING ASSESSMENT","16.8376415366637"
"211","WAYMAKER WAY","DRIVEWAY","PENDING ASSESSMENT","17.3237842619419"
"212","WAYMAKER WAY","DRIVEWAY","PENDING ASSESSMENT","17.3161158630266"
"214","CANONERO DR","DRIVEWAY","PENDING ASSESSMENT","18.470966168108"
"215","BELMONT PARK DR","DRIVEWAY","PENDING ASSESSMENT","25.2218613475041"
"216","N SCOUT ISLAND CIR","DRIVEWAY","PENDING ASSESSMENT","11.3914920064251"
"217","N SCOUT ISLAND CIR","DRIVEWAY","PENDING ASSESSMENT","16.366409118887"
"218","WEST COURTYARD DR","DRIVEWAY","PENDING ASSESSMENT","65.6222747045112"
"219","MOUNT BONNELL RD","DRIVEWAY","PENDING ASSESSMENT","13.3113736725247"
"220","MOUNT BONNELL RD","DRIVEWAY","PENDING ASSESSMENT","35.5608873762691"
"221","RIVA RIDGE RD","DRIVEWAY","PENDING ASSESSMENT","22.023905010701"
"222","RIVA RIDGE RD","DRIVEWAY","PENDING ASSESSMENT","21.709936378478"
"223","SMOKEY VALLEY","DRIVEWAY","PENDING ASSESSMENT","12.8689468664479"
"224","CAT CREEK TRL","DRIVEWAY","PENDING ASSESSMENT","6.8045327743391"
"225","CAT CREEK TRL","DRIVEWAY","PENDING ASSESSMENT","13.7182773555672"
"226","SMOKEY VALLEY","DRIVEWAY","PENDING ASSESSMENT","25.2419477269877"
"228","BACKTRAIL DR","DRIVEWAY","PENDING ASSESSMENT","12.1884708133678"
"229","BACKTRAIL DR","DRIVEWAY","PENDING ASSESSMENT","11.3164073751799"
"230","BACKTRAIL DR","DRIVEWAY","PENDING ASSESSMENT","9.27475795312545"
"231","BACKTRAIL DR","DRIVEWAY","PENDING ASSESSMENT","8.14983267186448"
"232","BACKTRAIL DR","DRIVEWAY","PENDING ASSESSMENT","13.3043137216756"
"233","BACKTRAIL DR","DRIVEWAY","PENDING ASSESSMENT","16.9043114745468"
"234","FAR WEST BLVD","EXISTING_SIDEWALK","PENDING ASSESSMENT","198.449974407671"
"235","LEMONWOOD DR","DRIVEWAY","PENDING ASSESSMENT","13.5252676684527"
"236","LEMONWOOD DR","DRIVEWAY","PENDING ASSESSMENT","18.2670999887715"
"237","CAT CREEK TRL","DRIVEWAY","PENDING ASSESSMENT","15.4830244207475"
"238","CAT CREEK TRL","DRIVEWAY","PENDING ASSESSMENT","14.8431492194638"
"239","CAT CREEK TRL","DRIVEWAY","PENDING ASSESSMENT","10.845378477141"
"240","N SCOUT ISLAND CIR","DRIVEWAY","PENDING ASSESSMENT","12.6455722671659"
"242","LADERA NORTE","DRIVEWAY","PENDING ASSESSMENT","17.3634078425397"
"243","LADERA NORTE","DRIVEWAY","PENDING ASSESSMENT","9.9079820586231"
"244","LADERA NORTE","DRIVEWAY","PENDING ASSESSMENT","20.5571130433421"
"245","LADERA NORTE","DRIVEWAY","PENDING ASSESSMENT","12.1162092449492"
"246","LADERA NORTE","DRIVEWAY","PENDING ASSESSMENT","13.2669480079937"
"247","LADERA NORTE","DRIVEWAY","PENDING ASSESSMENT","19.9704670988084"
"248","LADERA NORTE","DRIVEWAY","PENDING ASSESSMENT","17.7325375381011"
"249","LADERA NORTE","DRIVEWAY","PENDING ASSESSMENT","13.3422706392642"
"250","LADERA NORTE","DRIVEWAY","PENDING ASSESSMENT","19.2255097815584"
"251","BACKTRAIL DR","DRIVEWAY","PENDING ASSESSMENT","21.6393263829038"
"252","BACKTRAIL DR","DRIVEWAY","PENDING ASSESSMENT","18.3076744238022"
"253","BACKTRAIL DR","DRIVEWAY","PENDING ASSESSMENT","12.2831509165277"
"258","CEDRO TRL","DRIVEWAY","PENDING ASSESSMENT","20.6790808214531"
"259","CEDRO TRL","DRIVEWAY","PENDING ASSESSMENT","20.6111727180867"
"260","BACKTRAIL DR","DRIVEWAY","PENDING ASSESSMENT","11.2914478626936"
"261","BACKTRAIL DR","DRIVEWAY","PENDING ASSESSMENT","12.9390930063461"
"262","CEDRO TRL","DRIVEWAY","PENDING ASSESSMENT","21.889523086739"
"263","CEDRO TRL","DRIVEWAY","PENDING ASSESSMENT","11.6089025345863"
"264","CEDRO TRL","DRIVEWAY","PENDING ASSESSMENT","14.1972987359811"
"265","LADERA NORTE","DRIVEWAY","PENDING ASSESSMENT","12.6457469316183"
"266","BACKTRAIL DR","DRIVEWAY","PENDING ASSESSMENT","14.4264144364511"
"267","BACKTRAIL DR","DRIVEWAY","PENDING ASSESSMENT","14.5273269828121"
"268","BACKTRAIL DR","DRIVEWAY","PENDING ASSESSMENT","13.7785618442871"
"270","FAR WEST BLVD","DRIVEWAY","PENDING ASSESSMENT","24.1850472465442"
"271","CEDRO TRL","DRIVEWAY","PENDING ASSESSMENT","11.6538669766862"
"272","CEDRO TRL","DRIVEWAY","PENDING ASSESSMENT","19.6417973336808"
"273","CEDRO TRL","DRIVEWAY","PENDING ASSESSMENT","11.9050232735991"
"274","CEDRO TRL","DRIVEWAY","PENDING ASSESSMENT","17.3106534376207"
"275","CEDRO TRL","DRIVEWAY","PENDING ASSESSMENT","15.0021519275295"
"276","WEST COURTYARD DR","DRIVEWAY","PENDING ASSESSMENT","29.6483747254867"
"277","LODGE VIEW LN","DRIVEWAY","PENDING ASSESSMENT","11.5123293929464"
"278","LODGE VIEW LN","DRIVEWAY","PENDING ASSESSMENT","16.3726622568497"
"279","LODGE VIEW LN","DRIVEWAY","PENDING ASSESSMENT","15.3757966792745"
"280","GATO PATH","DRIVEWAY","PENDING ASSESSMENT","21.3378621657415"
"281","GATO PATH","DRIVEWAY","PENDING ASSESSMENT","14.7824244264308"
"282","N SCOUT ISLAND CIR","DRIVEWAY","PENDING ASSESSMENT","12.6632640304553"
"283","BACKTRAIL DR","DRIVEWAY","PENDING ASSESSMENT","12.0883316858852"
"285","LADERA NORTE","DRIVEWAY","PENDING ASSESSMENT","13.6699792786189"
"286","LADERA NORTE","DRIVEWAY","PENDING ASSESSMENT","14.419261835336"
"288","CEDRO TRL","DRIVEWAY","PENDING ASSESSMENT","20.4009174792401"
"289","BACKTRAIL DR","DRIVEWAY","PENDING ASSESSMENT","16.8348668003815"
"290","CEDRO TRL","DRIVEWAY","PENDING ASSESSMENT","12.4703562887292"
"291","LODGE VIEW LN","DRIVEWAY","PENDING ASSESSMENT","20.8876603514997"
"292","N SCOUT ISLAND CIR","DRIVEWAY","PENDING ASSESSMENT","10.6122446061357"
"293","N SCOUT ISLAND CIR","DRIVEWAY","PENDING ASSESSMENT","10.6292195222746"
"294","N SCOUT ISLAND CIR","DRIVEWAY","PENDING ASSESSMENT","22.4276074505283"
"295","N SCOUT ISLAND CIR","DRIVEWAY","PENDING ASSESSMENT","17.1458829518859"
"296","N SCOUT ISLAND CIR","DRIVEWAY","PENDING ASSESSMENT","11.2631289781362"
"297","N SCOUT ISLAND CIR","DRIVEWAY","PENDING ASSESSMENT","10.7185531183051"
"298","N SCOUT ISLAND CIR","DRIVEWAY","PENDING ASSESSMENT","10.5600019453849"
"299","N SCOUT ISLAND CIR","DRIVEWAY","PENDING ASSESSMENT","11.1080737439666"
"300","LODGE VIEW LN","DRIVEWAY","PENDING ASSESSMENT","12.7981867648784"
"301","GATO PATH","DRIVEWAY","PENDING ASSESSMENT","11.2675493550494"
"303","COURTYARD DR","DRIVEWAY","PENDING ASSESSMENT","18.6338166049089"
"304","N SCOUT ISLAND CIR","DRIVEWAY","PENDING ASSESSMENT","17.61061832997"
"305","N SCOUT ISLAND CIR","DRIVEWAY","PENDING ASSESSMENT","27.7409689978734"
"306","N SCOUT ISLAND CIR","DRIVEWAY","PENDING ASSESSMENT","16.9325832227787"
"307","N SCOUT ISLAND CIR","DRIVEWAY","PENDING ASSESSMENT","11.0478718660284"
"309","S SCOUT ISLAND CIR","DRIVEWAY","PENDING ASSESSMENT","17.6260652031628"
"310","S SCOUT ISLAND CIR","DRIVEWAY","PENDING ASSESSMENT","14.8143371784791"
"311","S SCOUT ISLAND CIR","DRIVEWAY","PENDING ASSESSMENT","13.8375411845029"
"312","COURTYARD DR","DRIVEWAY","PENDING ASSESSMENT","23.1928273159188"
"313","N SCOUT ISLAND CIR","DRIVEWAY","PENDING ASSESSMENT","17.3687728367578"
"314","N SCOUT ISLAND CIR","DRIVEWAY","PENDING ASSESSMENT","15.9350173822739"
"315","CROSS VALLEY RUN","EXISTING_SIDEWALK","PENDING ASSESSMENT","122.371113743389"
"316","CROSS VALLEY RUN","DRIVEWAY","PENDING ASSESSMENT","14.3054674594351"
"317","CROSS VALLEY RUN","DRIVEWAY","PENDING ASSESSMENT","20.2365135238605"
"318","CROSS VALLEY RUN","DRIVEWAY","PENDING ASSESSMENT","13.8734460829094"
"319","CROSS VALLEY RUN","DRIVEWAY","PENDING ASSESSMENT","15.5210094709665"
"320","UPVALLEY RUN","DRIVEWAY","PENDING ASSESSMENT","14.8033955434884"
"322","S SCOUT ISLAND CIR","DRIVEWAY","PENDING ASSESSMENT","12.8506236224525"
"323","S SCOUT ISLAND CIR","DRIVEWAY","PENDING ASSESSMENT","14.3484517750584"
"324","S SCOUT ISLAND CIR","DRIVEWAY","PENDING ASSESSMENT","22.3994622827149"
"325","S SCOUT ISLAND CIR","DRIVEWAY","PENDING ASSESSMENT","19.1362582876455"
"326","S SCOUT ISLAND CIR","DRIVEWAY","PENDING ASSESSMENT","27.7051083415193"
"328","SAM HOUSTON CIR","DRIVEWAY","PENDING ASSESSMENT","11.0838623897567"
"329","SAM HOUSTON CIR","DRIVEWAY","PENDING ASSESSMENT","17.0575821788393"
"330","SAM HOUSTON CIR","DRIVEWAY","PENDING ASSESSMENT","10.6911228531025"
"331","SAM HOUSTON CIR","DRIVEWAY","PENDING ASSESSMENT","10.0647737751298"
"332","SAM HOUSTON CIR","DRIVEWAY","PENDING ASSESSMENT","11.1271865261496"
"333","WEST COURTYARD DR","DRIVEWAY","PENDING ASSESSMENT","42.7170346245231"
"334","N SCOUT ISLAND CIR","DRIVEWAY","PENDING ASSESSMENT","20.1014840472007"
"335","N SCOUT ISLAND CIR","DRIVEWAY","PENDING ASSESSMENT","21.4960568469046"
"338","LEDGE MOUNTAIN DR","DRIVEWAY","PENDING ASSESSMENT","14.0269157120101"
"339","LEDGE MOUNTAIN DR","DRIVEWAY","PENDING ASSESSMENT","21.6452624559157"
"340","LEDGE MOUNTAIN DR","DRIVEWAY","PENDING ASSESSMENT","10.2437005982721"
"341","LEDGE MOUNTAIN DR","DRIVEWAY","PENDING ASSESSMENT","13.9325620284029"
"342","LEDGE MOUNTAIN DR","DRIVEWAY","PENDING ASSESSMENT","8.98931089705467"
"343","LEDGE MOUNTAIN DR","DRIVEWAY","PENDING ASSESSMENT","12.0767473511653"
"344","CAT MOUNTAIN DR","DRIVEWAY","PENDING ASSESSMENT","11.4871312321375"
"345","CAT MOUNTAIN DR","DRIVEWAY","PENDING ASSESSMENT","7.80755343203801"
"346","CAT MOUNTAIN DR","DRIVEWAY","PENDING ASSESSMENT","16.3513530754911"
"347","CAT MOUNTAIN DR","DRIVEWAY","PENDING ASSESSMENT","14.2787791372104"
"348","CAT MOUNTAIN DR","DRIVEWAY","PENDING ASSESSMENT","13.4985362251606"
"349","CAT MOUNTAIN DR","DRIVEWAY","PENDING ASSESSMENT","17.5619132218636"
"350","CAT MOUNTAIN DR","DRIVEWAY","PENDING ASSESSMENT","15.2144020946115"
"351","CAT MOUNTAIN DR","DRIVEWAY","PENDING ASSESSMENT","13.5275764742046"
"353","WOLF CT","DRIVEWAY","PENDING ASSESSMENT","17.1623367311714"
"354","MOUNTAIN VILLA DR","DRIVEWAY","PENDING ASSESSMENT","14.684673738899"
"356","CAT MOUNTAIN DR","EXISTING_SIDEWALK","PENDING ASSESSMENT","141.579513124287"
"357","CAT MOUNTAIN DR","DRIVEWAY","PENDING ASSESSMENT","15.1236541391365"
"358","CAT MOUNTAIN DR","DRIVEWAY","PENDING ASSESSMENT","16.8881599015209"
"359","N SCOUT ISLAND CIR","DRIVEWAY","PENDING ASSESSMENT","17.4263991851103"
"360","N SCOUT ISLAND CIR","DRIVEWAY","PENDING ASSESSMENT","11.0524882462041"
"361","N SCOUT ISLAND CIR","DRIVEWAY","PENDING ASSESSMENT","11.9481205495502"
"362","N SCOUT ISLAND CIR","DRIVEWAY","PENDING ASSESSMENT","34.5704818214944"
"363","CROSS VALLEY RUN","EXISTING_SIDEWALK","PENDING ASSESSMENT","292.233034266444"
"364","S SCOUT ISLAND CIR","DRIVEWAY","PENDING ASSESSMENT","20.1238418176105"
"365","SAM HOUSTON CIR","DRIVEWAY","PENDING ASSESSMENT","15.658266238296"
"366","MOUNTAIN VILLA DR","DRIVEWAY","PENDING ASSESSMENT","28.7512192362102"
"367","MOUNTAIN VILLA DR","DRIVEWAY","PENDING ASSESSMENT","17.9060164493415"
"369","LEDGE MOUNTAIN DR","EXISTING_SIDEWALK","PENDING ASSESSMENT","56.0995617254184"
"370","LEDGE MOUNTAIN DR","EXISTING_SIDEWALK","PENDING ASSESSMENT","74.5304622762511"
"371","LEDGE MOUNTAIN DR","DRIVEWAY","PENDING ASSESSMENT","28.3222762333696"
"373","LEDGE MOUNTAIN DR","DRIVEWAY","PENDING ASSESSMENT","20.5959393388103"
"375","MOUNT BONNELL RD","DRIVEWAY","PENDING ASSESSMENT","20.1300730257056"
"380","SMALL DR","DRIVEWAY","PENDING ASSESSMENT","25.4978687259326"
"381","LONG CHAMP DR","DRIVEWAY","PENDING ASSESSMENT","20.7433245582109"
"382","LONG CHAMP DR","DRIVEWAY","PENDING ASSESSMENT","15.2590283161512"
"383","CEDAR ST","DRIVEWAY","PENDING ASSESSMENT","55.0280975858962"
"385","LONG CHAMP DR","DRIVEWAY","PENDING ASSESSMENT","15.1521901344478"
"386","LONG CHAMP DR","DRIVEWAY","PENDING ASSESSMENT","23.4073587459889"
"387","LONG CHAMP DR","DRIVEWAY","PENDING ASSESSMENT","17.1847251405286"
"388","LONG CHAMP DR","DRIVEWAY","PENDING ASSESSMENT","23.796147805722"
"389","LONG CHAMP DR","DRIVEWAY","PENDING ASSESSMENT","19.911018815114"
"390","LONG CHAMP DR","DRIVEWAY","PENDING ASSESSMENT","17.1020517073916"
"392","NORTHERN DANCER DR","DRIVEWAY","PENDING ASSESSMENT","13.277904755786"
"433","STEVENSON AVE","DRIVEWAY","PENDING ASSESSMENT","18.994547923786"
"438","ROCKMOOR AVE","DRIVEWAY","PENDING ASSESSMENT","21.671465078339"
"450","CANONERO DR","DRIVEWAY","PENDING ASSESSMENT","32.2351513063909"
"454","WAYMAKER WAY","DRIVEWAY","PENDING ASSESSMENT","21.4752364843931"
"457","CANONERO DR","DRIVEWAY","PENDING ASSESSMENT","15.1684241507637"
"458","CANONERO DR","DRIVEWAY","PENDING ASSESSMENT","13.411900635326"
"459","CANONERO DR","DRIVEWAY","PENDING ASSESSMENT","13.9414281758385"
"461","CANONERO DR","DRIVEWAY","PENDING ASSESSMENT","12.8112204315154"
"462","CANONERO DR","DRIVEWAY","PENDING ASSESSMENT","13.811192545681"
"463","NORTHERN DANCER DR","DRIVEWAY","PENDING ASSESSMENT","21.1776901081988"
"464","NORTHERN DANCER DR","DRIVEWAY","PENDING ASSESSMENT","13.687588485689"
"465","NORTHERN DANCER DR","DRIVEWAY","PENDING ASSESSMENT","14.4972469634265"
"466","NORTHERN DANCER DR","DRIVEWAY","PENDING ASSESSMENT","29.2789634800889"
"470","LIGHTSEY RD","DRIVEWAY","PENDING ASSESSMENT","26.2002045284608"
"471","S LAMAR BLVD","DRIVEWAY","PENDING ASSESSMENT","45.3725595318447"
"472","S LAMAR BLVD","DRIVEWAY","PENDING ASSESSMENT","44.3260854126165"
"473","S LAMAR BLVD","DRIVEWAY","PENDING ASSESSMENT","51.0407001269991"
"474","S LAMAR BLVD","DRIVEWAY","PENDING ASSESSMENT","23.6847712673823"
"475","S LAMAR BLVD","DRIVEWAY","PENDING ASSESSMENT","24.3468012618999"
"476","S LAMAR BLVD","DRIVEWAY","PENDING ASSESSMENT","36.9601479158335"
"477","S LAMAR BLVD","DRIVEWAY","PENDING ASSESSMENT","37.0165173514598"
"478","S LAMAR BLVD","DRIVEWAY","PENDING ASSESSMENT","39.1893545408417"
"479","S LAMAR BLVD","DRIVEWAY","PENDING ASSESSMENT","84.2278634509674"
"483","MANCHACA RD","DRIVEWAY","FUNCTIONALLY DEFICIENT","16.4171630981979"
"484","MANCHACA RD","DRIVEWAY","FUNCTIONALLY DEFICIENT","34.5662069357442"
"485","MANCHACA RD","DRIVEWAY","FUNCTIONALLY ACCEPTABLE","38.0756087118066"
"486","MANCHACA RD","DRIVEWAY","FUNCTIONALLY DEFICIENT","30.9382328890987"
"487","MANCHACA RD","DRIVEWAY","FUNCTIONALLY DEFICIENT","29.0721312877878"
"488","MANCHACA RD","DRIVEWAY","FUNCTIONALLY ACCEPTABLE","27.4996709254645"
"490","MANCHACA RD","DRIVEWAY","FUNCTIONALLY DEFICIENT","19.5812857999086"
"491","MANCHACA RD","DRIVEWAY","FUNCTIONALLY DEFICIENT","42.265419686589"
"492","MANCHACA RD","DRIVEWAY","FUNCTIONALLY DEFICIENT","16.7339440738328"
"494","S LAMAR BLVD","DRIVEWAY","PENDING ASSESSMENT","18.791229237137"
"495","S LAMAR BLVD","DRIVEWAY","PENDING ASSESSMENT","37.3415792385864"
"496","S LAMAR BLVD","DRIVEWAY","PENDING ASSESSMENT","66.0020829254045"
"498","PANTHER TRL","DRIVEWAY","PENDING ASSESSMENT","24.6373181466742"
"502","S LAMAR BLVD","DRIVEWAY","PENDING ASSESSMENT","25.0268194379245"
"503","MANCHACA RD","DRIVEWAY","FUNCTIONALLY DEFICIENT","11.5943309263919"
"505","S LAMAR BLVD","DRIVEWAY","PENDING ASSESSMENT","101.269329069766"
"506","MANCHACA RD","DRIVEWAY","FUNCTIONALLY DEFICIENT","23.6397142471196"
"507","PANTHER TRL","DRIVEWAY","PENDING ASSESSMENT","41.6562642995826"
"508","PANTHER TRL","DRIVEWAY","PENDING ASSESSMENT","28.5215293540278"
"509","PANTHER TRL","DRIVEWAY","PENDING ASSESSMENT","35.6454914905082"
"510","CLAWSON RD","EXISTING_SIDEWALK","PENDING ASSESSMENT","122.768381758995"
"511","MANCHACA RD","DRIVEWAY","FUNCTIONALLY ACCEPTABLE","30.0104061271195"
"512","MANCHACA RD","DRIVEWAY","FUNCTIONALLY DEFICIENT","22.1511782660162"
"513","MANCHACA RD","DRIVEWAY","FUNCTIONALLY ACCEPTABLE","35.8264249699044"
"514","MANCHACA RD","DRIVEWAY","FUNCTIONALLY DEFICIENT","22.4840715853252"
"515","S LAMAR BLVD","DRIVEWAY","PENDING ASSESSMENT","61.5009433744061"
"516","S LAMAR BLVD","DRIVEWAY","PENDING ASSESSMENT","71.3550070339534"
"517","S LAMAR BLVD","DRIVEWAY","PENDING ASSESSMENT","68.8612836103705"
"518","VICTORY DR","DRIVEWAY","FUNCTIONALLY ACCEPTABLE","26.9290306974971"
"519","VICTORY DR","DRIVEWAY","FUNCTIONALLY ACCEPTABLE","33.7550765794244"
"520","CLAWSON RD","DRIVEWAY","PENDING ASSESSMENT","29.6087504852868"
"521","CLAWSON RD","DRIVEWAY","PENDING ASSESSMENT","23.3069259018441"
"522","SOUTHRIDGE DR","DRIVEWAY","PENDING ASSESSMENT","33.7136140858442"
"523","SOUTHRIDGE DR","DRIVEWAY","PENDING ASSESSMENT","18.5769790431608"
"526","CARTWRIGHT CV","DRIVEWAY","PENDING ASSESSMENT","17.6359730805619"
"527","SCOUT BLUFF","DRIVEWAY","PENDING ASSESSMENT","27.0720261429049"
"528","CONE CIR","DRIVEWAY","PENDING ASSESSMENT","18.8646029898273"
"529","CONE CIR","DRIVEWAY","PENDING ASSESSMENT","11.2472644298877"
"530","EAGLE CLIFF","DRIVEWAY","PENDING ASSESSMENT","23.6771687099733"
"535","CENTRE PARK DR","EXISTING_SIDEWALK","FUNCTIONALLY DEFICIENT","285.316905720324"
"537","CAMERON RD","EXISTING_SIDEWALK","FUNCTIONALLY DEFICIENT","358.98290772653"
"538","VALBURN DR","DRIVEWAY","PENDING ASSESSMENT","15.5535568708157"
"539","VALBURN DR","EXISTING_SIDEWALK","PENDING ASSESSMENT","5.1165542564961"
"541","CONE CIR","DRIVEWAY","PENDING ASSESSMENT","30.2410549230509"
"543","DOONE VALLEY CT","DRIVEWAY","PENDING ASSESSMENT","19.6614858920725"
"547","PANTHER TRL","DRIVEWAY","PENDING ASSESSMENT","45.7075835975396"
"561","S LAMAR BLVD","EXISTING_SIDEWALK","PENDING ASSESSMENT","107.937517387911"
"562","S LAMAR BLVD","EXISTING_SIDEWALK","PENDING ASSESSMENT","176.534927315768"
"564","S LAMAR BLVD","EXISTING_SIDEWALK","PENDING ASSESSMENT","73.9166397288789"
"565","S LAMAR BLVD","DRIVEWAY","PENDING ASSESSMENT","25.0639788015197"
"566","S LAMAR BLVD","DRIVEWAY","PENDING ASSESSMENT","31.3545735256212"
"567","S LAMAR BLVD","EXISTING_SIDEWALK","PENDING ASSESSMENT","49.2604889806218"
"568","S LAMAR BLVD","DRIVEWAY","PENDING ASSESSMENT","24.6561417806105"
"569","S LAMAR BLVD","DRIVEWAY","PENDING ASSESSMENT","43.6892716259578"
"570","S LAMAR BLVD","DRIVEWAY","PENDING ASSESSMENT","137.447169094664"
"571","BARTON SKWY","DRIVEWAY","PENDING ASSESSMENT","142.2835780525"
"572","DEL CURTO RD","EXISTING_SIDEWALK","PENDING ASSESSMENT","430.212574284317"
"574","MANCHACA RD","DRIVEWAY","FUNCTIONALLY ACCEPTABLE","32.2521765725299"
"578","WOODROW AVE","EXISTING_SIDEWALK","FUNCTIONALLY ACCEPTABLE","54.9132655527183"
"579","CENTRE PARK DR","EXISTING_SIDEWALK","PENDING ASSESSMENT","262.704009981524"
"582","HAVRE LAFITTE DR","DRIVEWAY","PENDING ASSESSMENT","12.616355614179"
"583","HAVRE LAFITTE DR","DRIVEWAY","PENDING ASSESSMENT","18.0231462036695"
"584","HAVRE LAFITTE DR","DRIVEWAY","PENDING ASSESSMENT","17.0345665087761"
"585","HAVRE LAFITTE DR","DRIVEWAY","PENDING ASSESSMENT","17.9049019909281"
"586","HAVRE LAFITTE DR","DRIVEWAY","PENDING ASSESSMENT","22.4440432463378"
"587","PINNACLE RD","EXISTING_SIDEWALK","PENDING ASSESSMENT","48.1530959330181"
"588","PINNACLE RD","EXISTING_SIDEWALK","PENDING ASSESSMENT","325.379606625098"
"589","WHITESTONE DR","EXISTING_SIDEWALK","PENDING ASSESSMENT","58.0226513888708"
"590","SAN ANTONIO ST","DRIVEWAY","FUNCTIONALLY DEFICIENT","18.6436161201879"
"591","NORTHERN DANCER DR","DRIVEWAY","PENDING ASSESSMENT","12.7715364188041"
"594","CAMP CRAFT RD","DRIVEWAY","PENDING ASSESSMENT","32.6925691324134"
"595","HONEY TREE LN","DRIVEWAY","PENDING ASSESSMENT","16.7782929326298"
"596","CHATELAINE DR","DRIVEWAY","PENDING ASSESSMENT","12.5786476156733"
"597","REAL CATORCE","EXISTING_SIDEWALK","PENDING ASSESSMENT","61.9562895684635"
"598","BARN SWALLOW DR","EXISTING_SIDEWALK","PENDING ASSESSMENT","245.712688036515"
"599","HAVRE LAFITTE DR","DRIVEWAY","PENDING ASSESSMENT","11.4695027817116"
"600","HAVRE LAFITTE DR","DRIVEWAY","PENDING ASSESSMENT","12.6184118624471"
"601","BARN SWALLOW DR","EXISTING_SIDEWALK","PENDING ASSESSMENT","16.871827769164"
"602","BARN SWALLOW DR","EXISTING_SIDEWALK","PENDING ASSESSMENT","57.0867444032442"
"603","WALSH TARLTON LN","EXISTING_SIDEWALK","PENDING ASSESSMENT","426.96075748263"
"604","MONTEBELLO RD","DRIVEWAY","PENDING ASSESSMENT","25.4590520959611"
"605","MONTEBELLO RD","DRIVEWAY","PENDING ASSESSMENT","52.9917386661759"
"606","LIBERTY PARK DR","DRIVEWAY","PENDING ASSESSMENT","52.8678897393464"
"607","LIBERTY PARK DR","DRIVEWAY","PENDING ASSESSMENT","37.3463373540242"
"608","CHATELAINE DR","DRIVEWAY","PENDING ASSESSMENT","29.3401666066927"
"609","CHATELAINE DR","DRIVEWAY","PENDING ASSESSMENT","23.0177295428895"
"610","THOUSAND OAKS DR","DRIVEWAY","PENDING ASSESSMENT","15.8416301123804"
"611","REGENTS PARK","DRIVEWAY","PENDING ASSESSMENT","13.9381788647137"
"612","THOUSAND OAKS DR","DRIVEWAY","PENDING ASSESSMENT","16.1963050570808"
"613","THOUSAND OAKS DR","DRIVEWAY","PENDING ASSESSMENT","20.4109122635909"
"614","THOUSAND OAKS DR","DRIVEWAY","PENDING ASSESSMENT","22.3684987242119"
"615","THOUSAND OAKS DR","DRIVEWAY","PENDING ASSESSMENT","19.4105364481752"
"616","THOUSAND OAKS DR","DRIVEWAY","PENDING ASSESSMENT","10.728197621568"
"617","THOUSAND OAKS DR","DRIVEWAY","PENDING ASSESSMENT","21.2343789438228"
"618","THOUSAND OAKS DR","DRIVEWAY","PENDING ASSESSMENT","16.3214492635082"
"619","THOUSAND OAKS DR","DRIVEWAY","PENDING ASSESSMENT","25.3635573112781"
"620","THOUSAND OAKS DR","DRIVEWAY","PENDING ASSESSMENT","22.7356419618297"
"621","THOUSAND OAKS DR","EXISTING_SIDEWALK","PENDING ASSESSMENT","100.488480681696"
"622","THOUSAND OAKS DR","DRIVEWAY","PENDING ASSESSMENT","17.467017952719"
"623","THOUSAND OAKS DR","DRIVEWAY","PENDING ASSESSMENT","14.6974611965282"
"624","THOUSAND OAKS DR","DRIVEWAY","PENDING ASSESSMENT","11.4116069581415"
"625","N SCOUT ISLAND CIR","EXISTING_SIDEWALK","PENDING ASSESSMENT","67.9946035782776"
"626","N SCOUT ISLAND CIR","EXISTING_SIDEWALK","PENDING ASSESSMENT","15.3902686015021"
"627","N SCOUT ISLAND CIR","DRIVEWAY","PENDING ASSESSMENT","13.0158033522206"
"628","N SCOUT ISLAND CIR","DRIVEWAY","PENDING ASSESSMENT","15.6613779323396"
"629","N SCOUT ISLAND CIR","DRIVEWAY","PENDING ASSESSMENT","13.0579658841079"
"630","N SCOUT ISLAND CIR","DRIVEWAY","PENDING ASSESSMENT","10.0366780767304"
"631","N SCOUT ISLAND CIR","DRIVEWAY","PENDING ASSESSMENT","11.8911534005404"
"632","N SCOUT ISLAND CIR","DRIVEWAY","PENDING ASSESSMENT","14.6857735374204"
"633","N SCOUT ISLAND CIR","DRIVEWAY","PENDING ASSESSMENT","11.5743310649282"
"634","MOUNT BONNELL RD","EXISTING_SIDEWALK","PENDING ASSESSMENT","95.3618865103818"
"635","LADERA NORTE","EXISTING_SIDEWALK","PENDING ASSESSMENT","15.8235738265039"
"636","LADERA NORTE","EXISTING_SIDEWALK","PENDING ASSESSMENT","41.1719496717703"
"637","SMOKEY VALLEY","DRIVEWAY","PENDING ASSESSMENT","23.2452149321883"
"638","CEDRO TRL","DRIVEWAY","PENDING ASSESSMENT","15.320491069349"
"639","LADERA NORTE","EXISTING_SIDEWALK","PENDING ASSESSMENT","126.580968823251"
"640","LADERA NORTE","EXISTING_SIDEWALK","PENDING ASSESSMENT","219.547660680502"
"641","N SCOUT ISLAND CIR","DRIVEWAY","PENDING ASSESSMENT","10.9649474228717"
"642","COURTYARD DR","EXISTING_SIDEWALK","PENDING ASSESSMENT","22.1919038983601"
"643","TOM WOOTEN DR","DRIVEWAY","PENDING ASSESSMENT","10.5900424181207"
"644","TOM WOOTEN DR","DRIVEWAY","PENDING ASSESSMENT","12.783165680595"
"645","S SCOUT ISLAND CIR","DRIVEWAY","PENDING ASSESSMENT","28.0446778705215"
"646","TOM WOOTEN DR","DRIVEWAY","PENDING ASSESSMENT","15.9972203533143"
"647","TOM WOOTEN DR","DRIVEWAY","PENDING ASSESSMENT","9.31342084724921"
"648","TOM WOOTEN DR","DRIVEWAY","PENDING ASSESSMENT","10.9157309444754"
"649","S SCOUT ISLAND CIR","DRIVEWAY","PENDING ASSESSMENT","19.5772470016618"
"650","S LAMAR BLVD","DRIVEWAY","PENDING ASSESSMENT","83.7956308330898"
"651","SOUTHRIDGE DR","EXISTING_SIDEWALK","PENDING ASSESSMENT","54.6396917962748"
"652","LIGHTSEY RD","EXISTING_SIDEWALK","PENDING ASSESSMENT","197.467678926617"
"653","CLAWSON RD","EXISTING_SIDEWALK","PENDING ASSESSMENT","108.75727707386"
"654","MANCHACA RD","DRIVEWAY","FUNCTIONALLY ACCEPTABLE","23.2404625358317"
"656","MANCHACA RD","DRIVEWAY","FUNCTIONALLY DEFICIENT","16.2774868334502"
"657","MANCHACA RD","DRIVEWAY","FUNCTIONALLY DEFICIENT","22.7214381244739"
"658","MANCHACA RD","DRIVEWAY","FUNCTIONALLY DEFICIENT","16.0121060953774"
"659","MANCHACA RD","DRIVEWAY","FUNCTIONALLY ACCEPTABLE","29.0195859392493"
"660","MANCHACA RD","DRIVEWAY","FUNCTIONALLY DEFICIENT","15.637453401344"
"661","MANCHACA RD","DRIVEWAY","FUNCTIONALLY DEFICIENT","15.9167677878047"
"663","PRATHER LN","DRIVEWAY","FUNCTIONALLY ACCEPTABLE","8.85148749955849"
"664","PRATHER LN","DRIVEWAY","FUNCTIONALLY ACCEPTABLE","11.3197629064909"
"665","PRATHER LN","DRIVEWAY","FUNCTIONALLY ACCEPTABLE","21.2353463180748"
"666","PRATHER LN","DRIVEWAY","FUNCTIONALLY ACCEPTABLE","20.1430670287861"
"667","PRATHER LN","DRIVEWAY","FUNCTIONALLY ACCEPTABLE","14.4192618489796"
"670","W BEN WHITE BLVD SVRD WB","DRIVEWAY","PENDING ASSESSMENT","52.8390918057176"
"671","VICTORY DR","DRIVEWAY","FUNCTIONALLY ACCEPTABLE","31.2475817005933"
"672","VICTORY DR","DRIVEWAY","FUNCTIONALLY ACCEPTABLE","33.3441272447493"
"673","VICTORY DR","DRIVEWAY","FUNCTIONALLY ACCEPTABLE","32.3675536842984"
"674","VICTORY DR","DRIVEWAY","FUNCTIONALLY ACCEPTABLE","33.2684575776574"
"675","VICTORY DR","DRIVEWAY","FUNCTIONALLY ACCEPTABLE","43.7981595070332"
"676","VICTORY DR","DRIVEWAY","FUNCTIONALLY ACCEPTABLE","31.8949939588397"
"677","PACK SADDLE PASS","DRIVEWAY","PENDING ASSESSMENT","31.4615447399433"
"678","W BEN WHITE BLVD SVRD EB","DRIVEWAY","PENDING ASSESSMENT","38.9047183206052"
"679","W BEN WHITE BLVD SVRD EB","DRIVEWAY","PENDING ASSESSMENT","19.9613663401251"
"680","W BEN WHITE BLVD SVRD EB","DRIVEWAY","PENDING ASSESSMENT","27.1206921338583"
"681","W BEN WHITE BLVD SVRD EB","DRIVEWAY","PENDING ASSESSMENT","33.8713592564298"
"682","W BEN WHITE BLVD SVRD EB","DRIVEWAY","PENDING ASSESSMENT","22.9304066826384"
"683","W BEN WHITE BLVD SVRD EB","DRIVEWAY","PENDING ASSESSMENT","33.8739544483856"
"684","W BEN WHITE BLVD SVRD EB","DRIVEWAY","PENDING ASSESSMENT","51.1537739443273"
"685","W BEN WHITE BLVD SVRD EB","DRIVEWAY","PENDING ASSESSMENT","49.8979774808641"
"686","W BEN WHITE BLVD SVRD WB","DRIVEWAY","PENDING ASSESSMENT","31.1192636488993"
"687","W BEN WHITE BLVD SVRD WB","DRIVEWAY","PENDING ASSESSMENT","16.2804887420567"
"688","W BEN WHITE BLVD SVRD WB","DRIVEWAY","PENDING ASSESSMENT","13.4652588056683"
"689","W BEN WHITE BLVD SVRD WB","DRIVEWAY","PENDING ASSESSMENT","17.9031093952168"
"690","W BEN WHITE BLVD SVRD WB","DRIVEWAY","PENDING ASSESSMENT","12.0935566404382"
"691","W BEN WHITE BLVD SVRD WB","DRIVEWAY","PENDING ASSESSMENT","33.6806684220013"
"692","W BEN WHITE BLVD SVRD WB","DRIVEWAY","PENDING ASSESSMENT","16.9957684804785"
"693","W BEN WHITE BLVD SVRD WB","DRIVEWAY","PENDING ASSESSMENT","30.3811827547211"
"694","W BEN WHITE BLVD SVRD EB","DRIVEWAY","PENDING ASSESSMENT","46.2583391909179"
"695","MANCHACA RD","DRIVEWAY","FUNCTIONALLY DEFICIENT","19.7481542506611"
"696","KEATS DR","EXISTING_SIDEWALK","PENDING ASSESSMENT","568.073700405097"
"698","KEATS DR","EXISTING_SIDEWALK","PENDING ASSESSMENT","40.064653380284"
"699","MANCHACA RD","DRIVEWAY","FUNCTIONALLY DEFICIENT","17.8422212236526"
"700","PRATHER LN","DRIVEWAY","FUNCTIONALLY ACCEPTABLE","21.6007779474966"
"701","VICTORY DR","DRIVEWAY","FUNCTIONALLY ACCEPTABLE","35.7250609876255"
"703","COURTYARD CV","DRIVEWAY","PENDING ASSESSMENT","17.7603375027128"
"705","E 6TH ST","EXISTING_SIDEWALK","FUNCTIONALLY ACCEPTABLE","89.8447597006748"
"706","E 6TH ST","EXISTING_SIDEWALK","FUNCTIONALLY DEFICIENT","570.408786376828"
"709","CEDAR BEND DR","EXISTING_SIDEWALK","FUNCTIONALLY ACCEPTABLE","137.475508068026"
"710","LAKE AUSTIN BLVD","DRIVEWAY","PENDING ASSESSMENT","46.4963036632385"
"720","LAKE AUSTIN BLVD","EXISTING_SIDEWALK","FUNCTIONALLY DEFICIENT","210.316196730431"
"721","LAKE AUSTIN BLVD","DRIVEWAY","FUNCTIONALLY ACCEPTABLE","51.1760472800045"
"722","LAKE AUSTIN BLVD","DRIVEWAY","FUNCTIONALLY ACCEPTABLE","44.0079599580003"
"725","LAKE AUSTIN BLVD","DRIVEWAY","FUNCTIONALLY ACCEPTABLE","15.286943764929"
"726","LAKE AUSTIN BLVD","DRIVEWAY","FUNCTIONALLY ACCEPTABLE","24.1400102812516"
"727","LAKE AUSTIN BLVD","DRIVEWAY","FUNCTIONALLY DEFICIENT","13.2940318311658"
"756","HOMEDALE DR","DRIVEWAY","PENDING ASSESSMENT","31.9250694623483"
"760","BARTON HILLS DR","DRIVEWAY","PENDING ASSESSMENT","23.3580786767748"
"761","BARTON HILLS DR","DRIVEWAY","PENDING ASSESSMENT","20.9863853258331"
"762","BARTON HILLS DR","DRIVEWAY","PENDING ASSESSMENT","20.0250638648787"
"763","BARTON HILLS DR","DRIVEWAY","PENDING ASSESSMENT","22.0187823886974"
"764","BARTON HILLS DR","DRIVEWAY","PENDING ASSESSMENT","19.2868414641766"
"765","BARTON HILLS DR","DRIVEWAY","PENDING ASSESSMENT","16.6043448890635"
"766","BARTON HILLS DR","DRIVEWAY","PENDING ASSESSMENT","22.1434397202107"
"767","BARTON HILLS DR","DRIVEWAY","PENDING ASSESSMENT","17.5537680560151"
"768","BARTON HILLS DR","DRIVEWAY","PENDING ASSESSMENT","9.60009985403358"
"771","ROCKINGHAM DR","DRIVEWAY","PENDING ASSESSMENT","13.2172494907331"
"772","ROCKINGHAM DR","DRIVEWAY","PENDING ASSESSMENT","57.2109670619863"
"774","BARTON SKWY","DRIVEWAY","PENDING ASSESSMENT","19.8495947502441"
"780","BARTON HILLS DR","DRIVEWAY","PENDING ASSESSMENT","25.8494776724482"
"781","BARTON HILLS DR","DRIVEWAY","PENDING ASSESSMENT","19.2119641811411"
"782","BARTON HILLS DR","DRIVEWAY","PENDING ASSESSMENT","22.2858311911704"
"783","S LAMAR BLVD","DRIVEWAY","PENDING ASSESSMENT","23.1109112889126"
"784","S LAMAR BLVD","DRIVEWAY","PENDING ASSESSMENT","29.9904526606266"
"786","THOUSAND OAKS DR","DRIVEWAY","PENDING ASSESSMENT","19.1355748950176"
"788","BARTON HILLS DR","EXISTING_SIDEWALK","PENDING ASSESSMENT","49.5880966323475"
"791","PANTHER TRL","DRIVEWAY","PENDING ASSESSMENT","17.1669658550466"
"794","MOUNT BONNELL RD","DRIVEWAY","PENDING ASSESSMENT","14.4635097874291"
"795","UPVALLEY RUN","DRIVEWAY","PENDING ASSESSMENT","15.6749836165403"
"796","UPVALLEY RUN","DRIVEWAY","PENDING ASSESSMENT","18.3041329996877"
"797","UPVALLEY RUN","DRIVEWAY","PENDING ASSESSMENT","20.8234952561779"
"798","MOUNT BONNELL RD","DRIVEWAY","PENDING ASSESSMENT","17.3621509056909"
"799","UPVALLEY RUN","DRIVEWAY","PENDING ASSESSMENT","12.8671944272746"
"800","LOOKOUT MOUNTAIN DR","EXISTING_SIDEWALK","PENDING ASSESSMENT","94.3412090154886"
"801","SPRUCEWOOD DR","DRIVEWAY","PENDING ASSESSMENT","11.3020743445861"
"802","COURTYARD DR","DRIVEWAY","PENDING ASSESSMENT","10.6238817681877"
"803","COURTYARD DR","DRIVEWAY","PENDING ASSESSMENT","37.0279763149423"
"805","MOUNTAIN VILLA DR","EXISTING_SIDEWALK","PENDING ASSESSMENT","8.06372894824978"
"806","MOUNT BONNELL RD","EXISTING_SIDEWALK","PENDING ASSESSMENT","37.7287861520405"
"808","MOUNTAIN VILLA DR","EXISTING_SIDEWALK","PENDING ASSESSMENT","34.6926605310794"
"809","MOUNTAIN VILLA DR","DRIVEWAY","PENDING ASSESSMENT","20.343811063001"
"810","MOUNTAIN VILLA DR","DRIVEWAY","PENDING ASSESSMENT","17.1260987965374"
"811","MOUNTAIN VILLA DR","DRIVEWAY","PENDING ASSESSMENT","20.4718681897146"
"812","MOUNTAIN VILLA DR","DRIVEWAY","PENDING ASSESSMENT","20.5907469743245"
"813","MOUNTAIN VILLA DR","DRIVEWAY","PENDING ASSESSMENT","13.7493104818963"
"814","MOUNTAIN VILLA DR","DRIVEWAY","PENDING ASSESSMENT","16.5964396211475"
"815","MOUNTAIN VILLA DR","DRIVEWAY","PENDING ASSESSMENT","20.6891673099941"
"816","MOUNTAIN VILLA DR","DRIVEWAY","PENDING ASSESSMENT","16.8813777496646"
"817","MOUNTAIN VILLA DR","DRIVEWAY","PENDING ASSESSMENT","25.1549974947879"
"818","MOUNTAIN VILLA DR","DRIVEWAY","PENDING ASSESSMENT","25.3396135261284"
"819","CROSS VALLEY RUN","DRIVEWAY","PENDING ASSESSMENT","17.0831375537659"
"823","LAMPLIGHT VILLAGE AVE","EXISTING_SIDEWALK","PENDING ASSESSMENT","139.565901425556"
"828","MATTERHORN LN","DRIVEWAY","PENDING ASSESSMENT","22.9296770663117"
"838","S LAMAR BLVD","DRIVEWAY","PENDING ASSESSMENT","50.8554605935025"
"842","WOODROW AVE","EXISTING_SIDEWALK","FUNCTIONALLY ACCEPTABLE","104.938791253187"
"845","CENTRE CREEK DR","EXISTING_SIDEWALK","FUNCTIONALLY DEFICIENT","567.405295143355"
"848","ROUND TABLE RD","DRIVEWAY","PENDING ASSESSMENT","18.9519302514791"
"849","ROUND TABLE RD","DRIVEWAY","PENDING ASSESSMENT","16.9102628401276"
"850","ROUND TABLE RD","DRIVEWAY","PENDING ASSESSMENT","12.7878674191728"
"851","ROUND TABLE RD","DRIVEWAY","PENDING ASSESSMENT","15.9414447009009"
"852","ROUND TABLE RD","DRIVEWAY","PENDING ASSESSMENT","17.6477982120847"
"853","ROUND TABLE RD","DRIVEWAY","PENDING ASSESSMENT","11.935207985054"
"854","ROUND TABLE RD","DRIVEWAY","PENDING ASSESSMENT","14.0180917058513"
"857","N IH 35 SVRD NB","DRIVEWAY","PENDING ASSESSMENT","38.2696542596921"
"858","CEDAR AVE","DRIVEWAY","FUNCTIONALLY DEFICIENT","10.9904636028509"
"859","CEDAR AVE","DRIVEWAY","FUNCTIONALLY DEFICIENT","9.35787168807387"
"860","MAPLE AVE","DRIVEWAY","FUNCTIONALLY DEFICIENT","17.0151259325393"
"861","MAPLE AVE","DRIVEWAY","FUNCTIONALLY DEFICIENT","10.1103558356521"
"862","MAPLE AVE","DRIVEWAY","FUNCTIONALLY DEFICIENT","10.2512762196779"
"863","MAPLE AVE","DRIVEWAY","FUNCTIONALLY DEFICIENT","9.81177932249111"
"864","MAPLE AVE","DRIVEWAY","FUNCTIONALLY DEFICIENT","12.3874512878348"
"865","MAPLE AVE","DRIVEWAY","FUNCTIONALLY DEFICIENT","15.2520348822648"
"866","E MARTIN LUTHER KING JR BLVD","DRIVEWAY","FUNCTIONALLY DEFICIENT","11.4798508294559"
"867","E MARTIN LUTHER KING JR BLVD","DRIVEWAY","FUNCTIONALLY ACCEPTABLE","10.4806259094619"
"868","E MARTIN LUTHER KING JR BLVD","DRIVEWAY","FUNCTIONALLY ACCEPTABLE","11.1926347044907"
"869","E MARTIN LUTHER KING JR BLVD","DRIVEWAY","FUNCTIONALLY ACCEPTABLE","20.1790486287469"
"870","MAPLE AVE","DRIVEWAY","FUNCTIONALLY DEFICIENT","11.6854315175832"
"871","MAPLE AVE","DRIVEWAY","FUNCTIONALLY DEFICIENT","10.8227561859599"
"872","MAPLE AVE","DRIVEWAY","FUNCTIONALLY DEFICIENT","13.246956559889"
"873","MAPLE AVE","DRIVEWAY","FUNCTIONALLY DEFICIENT","22.4266615038736"
"874","E 18TH ST","DRIVEWAY","FUNCTIONALLY DEFICIENT","8.93339484230335"
"875","E 18TH ST","DRIVEWAY","FUNCTIONALLY DEFICIENT","12.1390406186001"
"877","CEDAR AVE","DRIVEWAY","FUNCTIONALLY DEFICIENT","10.1381918638462"
"878","CEDAR AVE","DRIVEWAY","FUNCTIONALLY DEFICIENT","11.91864769708"
"879","CEDAR AVE","DRIVEWAY","FUNCTIONALLY ACCEPTABLE","11.3435444372235"
"880","BARTONCLIFF DR","DRIVEWAY","PENDING ASSESSMENT","24.1428095624789"
"881","LYNN ST","DRIVEWAY","FUNCTIONALLY ACCEPTABLE","12.1675154567275"
"882","CANTERBURY ST","DRIVEWAY","FUNCTIONALLY ACCEPTABLE","10.236400230918"
"883","CANTERBURY ST","DRIVEWAY","FUNCTIONALLY DEFICIENT","9.76980919412683"
"886","REAL CATORCE","EXISTING_SIDEWALK","PENDING ASSESSMENT","23.4135605495771"
"887","PEREGRINE FALCON DR","EXISTING_SIDEWALK","PENDING ASSESSMENT","60.851644920519"
"888","PINNACLE RD","EXISTING_SIDEWALK","PENDING ASSESSMENT","148.971754226288"
"889","REAL CATORCE","EXISTING_SIDEWALK","PENDING ASSESSMENT","192.325004272581"
"890","BARTON HILLS DR","DRIVEWAY","PENDING ASSESSMENT","26.0128901649166"
"891","BARTON HILLS DR","DRIVEWAY","PENDING ASSESSMENT","18.4690736592028"
"892","BARTON HILLS DR","DRIVEWAY","PENDING ASSESSMENT","25.712448008256"
"893","BARTON HILLS DR","DRIVEWAY","PENDING ASSESSMENT","19.5236349557393"
"894","BARTON HILLS DR","DRIVEWAY","PENDING ASSESSMENT","18.8006764470179"
"895","WHITESTONE DR","EXISTING_SIDEWALK","PENDING ASSESSMENT","47.5864439629797"
"896","WHITESTONE DR","EXISTING_SIDEWALK","PENDING ASSESSMENT","54.8998277024424"
"897","SALINA ST","DRIVEWAY","FUNCTIONALLY DEFICIENT","9.93309892959752"
"898","WHITESTONE DR","EXISTING_SIDEWALK","PENDING ASSESSMENT","45.5301368974536"
"900","W GIBSON ST","EXISTING_SIDEWALK","FUNCTIONALLY DEFICIENT","145.311017503311"
"902","GUADALUPE ST","DRIVEWAY","FUNCTIONALLY DEFICIENT","17.870153011237"
"903","GUADALUPE ST","DRIVEWAY","FUNCTIONALLY ACCEPTABLE","19.9413583249327"
"904","W 12TH ST","DRIVEWAY","PENDING ASSESSMENT","20.5145855177425"
"905","W 12TH ST","DRIVEWAY","PENDING ASSESSMENT","21.4135089387282"
"907","NORTHERN DANCER DR","DRIVEWAY","PENDING ASSESSMENT","11.8284894181115"
"908","NORTHERN DANCER DR","DRIVEWAY","PENDING ASSESSMENT","11.6295419940556"
"909","NORTHERN DANCER DR","DRIVEWAY","PENDING ASSESSMENT","17.1144045452659"
"911","AYRES DR","DRIVEWAY","PENDING ASSESSMENT","12.1365162350427"
"917","HEIGHTS DR","EXISTING_SIDEWALK","PENDING ASSESSMENT","63.0411089603465"
"918","HEIGHTS DR","EXISTING_SIDEWALK","PENDING ASSESSMENT","78.9844697069435"
"923","SANDERLING TRL","EXISTING_SIDEWALK","PENDING ASSESSMENT","20.671401762595"
"924","CAMP CRAFT RD","EXISTING_SIDEWALK","PENDING ASSESSMENT","30.9194827426749"
"925","CAMP CRAFT RD","EXISTING_SIDEWALK","PENDING ASSESSMENT","12.4232216215636"
"926","CAMP CRAFT RD","EXISTING_SIDEWALK","PENDING ASSESSMENT","10.0886659121178"
"927","DUSKY THRUSH TRL","EXISTING_SIDEWALK","PENDING ASSESSMENT","59.1590454263133"
"928","DUSKY THRUSH TRL","EXISTING_SIDEWALK","PENDING ASSESSMENT","19.4206873784258"
"929","DUSKY THRUSH TRL","EXISTING_SIDEWALK","PENDING ASSESSMENT","63.3583231242312"
"930","CACTUS WREN WAY","EXISTING_SIDEWALK","PENDING ASSESSMENT","73.9780304263062"
"931","HONEY TREE LN","DRIVEWAY","PENDING ASSESSMENT","15.2146280351405"
"932","HONEY TREE LN","DRIVEWAY","PENDING ASSESSMENT","15.42358186766"
"933","HONEY TREE LN","DRIVEWAY","PENDING ASSESSMENT","21.0788865833805"
"934","HONEY TREE LN","DRIVEWAY","PENDING ASSESSMENT","18.3913571113005"
"935","HONEY TREE LN","DRIVEWAY","PENDING ASSESSMENT","18.9685281209668"
"936","HONEY TREE LN","DRIVEWAY","PENDING ASSESSMENT","17.1657380094602"
"937","HONEY TREE LN","DRIVEWAY","PENDING ASSESSMENT","17.0951871816284"
"938","HONEY TREE LN","DRIVEWAY","PENDING ASSESSMENT","17.3381167405514"
"939","CHATELAINE DR","DRIVEWAY","PENDING ASSESSMENT","15.7064043077797"
"940","PEREGRINE FALCON DR","EXISTING_SIDEWALK","PENDING ASSESSMENT","29.9885143945939"
"941","PEREGRINE FALCON DR","EXISTING_SIDEWALK","PENDING ASSESSMENT","62.5428863913929"
"942","CHATELAINE DR","DRIVEWAY","PENDING ASSESSMENT","17.449800758267"
"943","CHATELAINE DR","DRIVEWAY","PENDING ASSESSMENT","16.6708573310946"
"944","REAL CATORCE","EXISTING_SIDEWALK","PENDING ASSESSMENT","53.5842458897056"
"945","REAL CATORCE","EXISTING_SIDEWALK","PENDING ASSESSMENT","49.2684325714489"
"946","PEREGRINE FALCON DR","EXISTING_SIDEWALK","PENDING ASSESSMENT","59.835888056286"
"947","PEREGRINE FALCON DR","EXISTING_SIDEWALK","PENDING ASSESSMENT","15.5652502371525"
"948","PEREGRINE FALCON DR","EXISTING_SIDEWALK","PENDING ASSESSMENT","19.5572405906902"
"949","BARN SWALLOW DR","EXISTING_SIDEWALK","PENDING ASSESSMENT","35.0014789574687"
"950","RAIN FOREST DR","EXISTING_SIDEWALK","PENDING ASSESSMENT","57.2828987230529"
"951","CHATELAINE DR","DRIVEWAY","PENDING ASSESSMENT","20.1880332761564"
"952","CHATELAINE DR","DRIVEWAY","PENDING ASSESSMENT","11.8979012830077"
"953","CHATELAINE DR","DRIVEWAY","PENDING ASSESSMENT","13.0992711515974"
"954","HAVRE LAFITTE DR","DRIVEWAY","PENDING ASSESSMENT","13.2134613618503"
"955","HAVRE LAFITTE DR","DRIVEWAY","PENDING ASSESSMENT","17.4500963597542"
"956","HAVRE LAFITTE DR","DRIVEWAY","PENDING ASSESSMENT","12.2443429679"
"958","ST EDWARDS DR","EXISTING_SIDEWALK","PENDING ASSESSMENT","85.3091069247618"
"959","THOUSAND OAKS DR","DRIVEWAY","PENDING ASSESSMENT","21.4043580524053"
"960","THOUSAND OAKS DR","EXISTING_SIDEWALK","PENDING ASSESSMENT","18.0393718944851"
"961","THOUSAND OAKS DR","EXISTING_SIDEWALK","PENDING ASSESSMENT","84.2550798788556"
"962","THOUSAND OAKS DR","EXISTING_SIDEWALK","PENDING ASSESSMENT","44.5667677370393"
"963","THOUSAND OAKS DR","EXISTING_SIDEWALK","PENDING ASSESSMENT","170.490762557756"
"964","THOUSAND OAKS DR","EXISTING_SIDEWALK","PENDING ASSESSMENT","22.4704126947157"
"965","THOUSAND OAKS DR","EXISTING_SIDEWALK","PENDING ASSESSMENT","210.920427287177"
"966","APRICOT GLEN DR","EXISTING_SIDEWALK","PENDING ASSESSMENT","27.8071620600921"
"967","CEDAR AVE","DRIVEWAY","FUNCTIONALLY ACCEPTABLE","8.85042661257999"
"968","CEDAR AVE","DRIVEWAY","FUNCTIONALLY DEFICIENT","12.3438919381176"
"970","SALINA ST","DRIVEWAY","FUNCTIONALLY DEFICIENT","15.7020956350215"
"971","LEONA ST","DRIVEWAY","FUNCTIONALLY DEFICIENT","16.1122015907786"
"973","E 13TH ST","DRIVEWAY","FUNCTIONALLY ACCEPTABLE","8.72805656398549"
"974","E 13TH ST","DRIVEWAY","FUNCTIONALLY ACCEPTABLE","12.0018865295029"
"975","E 13TH ST","DRIVEWAY","FUNCTIONALLY ACCEPTABLE","13.6997163479429"
"976","SALINA ST","DRIVEWAY","FUNCTIONALLY ACCEPTABLE","25.2005565534657"
"977","SALINA ST","DRIVEWAY","FUNCTIONALLY DEFICIENT","11.1989013753852"
"979","SALINA ST","DRIVEWAY","FUNCTIONALLY DEFICIENT","14.06959585553"
"980","SALINA ST","DRIVEWAY","FUNCTIONALLY ACCEPTABLE","19.4199234744093"
"981","WESTLAKE DR","DRIVEWAY","PENDING ASSESSMENT","20.8392093220515"
"983","RIVA RIDGE RD","DRIVEWAY","PENDING ASSESSMENT","16.4377345243139"
"984","ROUND TABLE RD","DRIVEWAY","PENDING ASSESSMENT","15.5900748659638"
"986","S LAMAR BLVD","DRIVEWAY","PENDING ASSESSMENT","29.3009905806699"
"987","S LAMAR BLVD","EXISTING_SIDEWALK","PENDING ASSESSMENT","73.3497376602395"
"988","S LAMAR BLVD","DRIVEWAY","PENDING ASSESSMENT","39.7834338682658"
"989","MANCHACA RD","DRIVEWAY","FUNCTIONALLY DEFICIENT","47.2298250247508"
"990","S LAMAR BLVD","EXISTING_SIDEWALK","PENDING ASSESSMENT","210.908140308517"
"991","S LAMAR BLVD","EXISTING_SIDEWALK","PENDING ASSESSMENT","187.421261955468"
"992","S LAMAR BLVD","EXISTING_SIDEWALK","PENDING ASSESSMENT","47.5550156197846"
"993","S LAMAR BLVD","DRIVEWAY","PENDING ASSESSMENT","26.4913460102014"
"994","S LAMAR BLVD","DRIVEWAY","PENDING ASSESSMENT","89.7481612225547"
"995","S LAMAR BLVD","EXISTING_SIDEWALK","PENDING ASSESSMENT","44.4656083463098"
"996","S LAMAR BLVD","DRIVEWAY","PENDING ASSESSMENT","32.5961423892908"
"997","S LAMAR BLVD","DRIVEWAY","PENDING ASSESSMENT","30.0636388915745"
"998","S LAMAR BLVD","EXISTING_SIDEWALK","PENDING ASSESSMENT","47.6108211723769"
"999","MANCHACA RD","EXISTING_SIDEWALK","FUNCTIONALLY DEFICIENT","90.4216463928203"
"1000","PEREGRINE FALCON DR","EXISTING_SIDEWALK","PENDING ASSESSMENT","64.7004212745167"
"1001","PEREGRINE FALCON DR","EXISTING_SIDEWALK","PENDING ASSESSMENT","97.7358783110941"
"1002","CHATELAINE DR","DRIVEWAY","PENDING ASSESSMENT","20.675097545179"
"1003","LOCKE LN","DRIVEWAY","PENDING ASSESSMENT","19.4481328488168"
"1004","LOCKE LN","DRIVEWAY","PENDING ASSESSMENT","39.5345157097966"
"1009","S LAMAR BLVD","EXISTING_SIDEWALK","PENDING ASSESSMENT","40.4633423822748"
"1010","S LAMAR BLVD","EXISTING_SIDEWALK","PENDING ASSESSMENT","57.362928059768"
"1011","S LAMAR BLVD","EXISTING_SIDEWALK","PENDING ASSESSMENT","121.03873512"
"1012","S LAMAR BLVD","DRIVEWAY","PENDING ASSESSMENT","17.6469223722033"
"1013","S LAMAR BLVD","DRIVEWAY","PENDING ASSESSMENT","18.9583754431036"
"1014","S LAMAR BLVD","DRIVEWAY","PENDING ASSESSMENT","31.1019820584459"
"1015","S LAMAR BLVD","EXISTING_SIDEWALK","PENDING ASSESSMENT","99.0697709525288"
"1016","MANCHACA RD","DRIVEWAY","FUNCTIONALLY ACCEPTABLE","25.2145881529339"
"1018","PANTHER TRL","DRIVEWAY","PENDING ASSESSMENT","25.3706248185332"
"1022","MANCHACA RD","EXISTING_SIDEWALK","FUNCTIONALLY DEFICIENT","85.8703162950333"
"1023","MANCHACA RD","EXISTING_SIDEWALK","FUNCTIONALLY ACCEPTABLE","208.074438028281"
"1024","MANCHACA RD","DRIVEWAY","FUNCTIONALLY ACCEPTABLE","24.1337681195357"
"1025","MANCHACA RD","DRIVEWAY","FUNCTIONALLY DEFICIENT","26.1251986474516"
"1026","S LAMAR BLVD","EXISTING_SIDEWALK","PENDING ASSESSMENT","5.38984196863086"
"1027","S LAMAR BLVD","DRIVEWAY","PENDING ASSESSMENT","97.5557365939537"
"1028","S LAMAR BLVD","EXISTING_SIDEWALK","PENDING ASSESSMENT","332.501762035023"
"1029","S LAMAR BLVD","EXISTING_SIDEWALK","PENDING ASSESSMENT","346.137937108325"
"1030","S LAMAR BLVD","DRIVEWAY","PENDING ASSESSMENT","57.3932817742898"
"1031","KEATS DR","EXISTING_SIDEWALK","PENDING ASSESSMENT","14.7030520568116"
"1032","KEATS DR","EXISTING_SIDEWALK","PENDING ASSESSMENT","80.8609937275566"
"1033","KEATS DR","DRIVEWAY","PENDING ASSESSMENT","25.9611074800416"
"1034","KEATS DR","DRIVEWAY","PENDING ASSESSMENT","27.9585018670545"
"1035","KEATS DR","DRIVEWAY","PENDING ASSESSMENT","25.040307050102"
"1036","VICTORY DR","EXISTING_SIDEWALK","FUNCTIONALLY ACCEPTABLE","86.6404485886479"
"1037","VICTORY DR","EXISTING_SIDEWALK","FUNCTIONALLY ACCEPTABLE","285.234056194982"
"1038","VICTORY DR","EXISTING_SIDEWALK","FUNCTIONALLY DEFICIENT","251.079746799275"
"1039","VICTORY DR","EXISTING_SIDEWALK","FUNCTIONALLY ACCEPTABLE","45.2694024045153"
"1040","VICTORY DR","DRIVEWAY","FUNCTIONALLY ACCEPTABLE","35.1041407707661"
"1041","CLAWSON RD","EXISTING_SIDEWALK","PENDING ASSESSMENT","114.275076144777"
"1042","PRATHER LN","EXISTING_SIDEWALK","FUNCTIONALLY DEFICIENT","272.074105722392"
"1043","MANCHACA RD","DRIVEWAY","FUNCTIONALLY DEFICIENT","39.1126053344414"
"1044","MANCHACA RD","DRIVEWAY","FUNCTIONALLY DEFICIENT","36.2220279537792"
"1045","MANCHACA RD","DRIVEWAY","FUNCTIONALLY ACCEPTABLE","55.6917895303028"
"1046","PRATHER LN","EXISTING_SIDEWALK","FUNCTIONALLY ACCEPTABLE","105.339505064059"
"1047","MANCHACA RD","DRIVEWAY","FUNCTIONALLY DEFICIENT","29.7420665134434"
"1048","MANCHACA RD","DRIVEWAY","FUNCTIONALLY DEFICIENT","27.9340099279973"
"1049","MANCHACA RD","DRIVEWAY","FUNCTIONALLY DEFICIENT","34.2439452024957"
"1050","AUDREY DR","DRIVEWAY","PENDING ASSESSMENT","14.6204257459462"
"1052","INTERVAIL DR","DRIVEWAY","PENDING ASSESSMENT","25.212469841552"
"1053","INTERVAIL DR","DRIVEWAY","PENDING ASSESSMENT","23.0818029481627"
"1054","BARTONCLIFF DR","EXISTING_SIDEWALK","PENDING ASSESSMENT","184.554740678539"
"1055","BARTONCLIFF DR","EXISTING_SIDEWALK","PENDING ASSESSMENT","10.3725294318701"
"1056","THOUSAND OAKS DR","DRIVEWAY","PENDING ASSESSMENT","10.652737088641"
"1057","THOUSAND OAKS DR","DRIVEWAY","PENDING ASSESSMENT","19.9045969750672"
"1058","THOUSAND OAKS DR","DRIVEWAY","PENDING ASSESSMENT","15.207359513523"
"1059","THOUSAND OAKS DR","DRIVEWAY","PENDING ASSESSMENT","17.5236177279039"
"1060","THOUSAND OAKS DR","EXISTING_SIDEWALK","PENDING ASSESSMENT","11.4124001922476"
"1061","THOUSAND OAKS DR","EXISTING_SIDEWALK","PENDING ASSESSMENT","86.7358168455659"
"1062","THOUSAND OAKS DR","EXISTING_SIDEWALK","PENDING ASSESSMENT","66.8623841097166"
"1063","THOUSAND OAKS DR","EXISTING_SIDEWALK","PENDING ASSESSMENT","54.014424714355"
"1064","THOUSAND OAKS DR","EXISTING_SIDEWALK","PENDING ASSESSMENT","48.4082514660008"
"1065","THOUSAND OAKS DR","EXISTING_SIDEWALK","PENDING ASSESSMENT","99.1886982858284"
"1066","THOUSAND OAKS DR","DRIVEWAY","PENDING ASSESSMENT","16.5560722442705"
"1067","THOUSAND OAKS DR","DRIVEWAY","PENDING ASSESSMENT","14.5593788234161"
"1068","THOUSAND OAKS DR","DRIVEWAY","PENDING ASSESSMENT","15.5836945109444"
"1069","THOUSAND OAKS DR","DRIVEWAY","PENDING ASSESSMENT","14.6534405264715"
"1070","S SCOUT ISLAND CIR","EXISTING_SIDEWALK","PENDING ASSESSMENT","50.5519284560156"
"1075","N SCOUT ISLAND CIR","DRIVEWAY","PENDING ASSESSMENT","15.6002620498863"
"1076","N SCOUT ISLAND CIR","DRIVEWAY","PENDING ASSESSMENT","12.9793639150188"
"1077","LADERA NORTE","DRIVEWAY","PENDING ASSESSMENT","12.3060365727479"
"1078","FAR WEST BLVD","EXISTING_SIDEWALK","PENDING ASSESSMENT","1001.1876719326"
"1079","S SCOUT ISLAND CIR","DRIVEWAY","PENDING ASSESSMENT","19.9750700348146"
"1082","CROSS VALLEY RUN","EXISTING_SIDEWALK","PENDING ASSESSMENT","27.329544788792"
"1083","CROSS VALLEY RUN","DRIVEWAY","PENDING ASSESSMENT","12.7886982693281"
"1084","CROSS VALLEY RUN","DRIVEWAY","PENDING ASSESSMENT","20.7763909306426"
"1085","S SCOUT ISLAND CIR","EXISTING_SIDEWALK","PENDING ASSESSMENT","92.7622029096224"
"1086","S SCOUT ISLAND CIR","DRIVEWAY","PENDING ASSESSMENT","15.0606219122467"
"1087","S SCOUT ISLAND CIR","DRIVEWAY","PENDING ASSESSMENT","18.8875981502921"
"1088","S SCOUT ISLAND CIR","DRIVEWAY","PENDING ASSESSMENT","13.543698205131"
"1089","S SCOUT ISLAND CIR","DRIVEWAY","PENDING ASSESSMENT","13.9325324239253"
"1090","S SCOUT ISLAND CIR","DRIVEWAY","PENDING ASSESSMENT","13.2813551434185"
"1091","S SCOUT ISLAND CIR","DRIVEWAY","PENDING ASSESSMENT","13.2326406207545"
"1092","S SCOUT ISLAND CIR","DRIVEWAY","PENDING ASSESSMENT","13.1019389056405"
"1093","S SCOUT ISLAND CIR","DRIVEWAY","PENDING ASSESSMENT","13.3432249934264"
"1094","S SCOUT ISLAND CIR","DRIVEWAY","PENDING ASSESSMENT","14.6551546618444"
"1095","SAM HOUSTON CIR","DRIVEWAY","PENDING ASSESSMENT","17.3850660682966"
"1096","SAM HOUSTON CIR","DRIVEWAY","PENDING ASSESSMENT","15.7429811967618"
"1097","SAM HOUSTON CIR","DRIVEWAY","PENDING ASSESSMENT","17.9101404957046"
"1098","SAM HOUSTON CIR","DRIVEWAY","PENDING ASSESSMENT","12.74808344003"
"1099","SAM HOUSTON CIR","DRIVEWAY","PENDING ASSESSMENT","15.1132875999494"
"1100","SAM HOUSTON CIR","DRIVEWAY","PENDING ASSESSMENT","18.7208800471181"
"1101","SAM HOUSTON CIR","DRIVEWAY","PENDING ASSESSMENT","13.8808545434781"
"1102","SAM HOUSTON CIR","DRIVEWAY","PENDING ASSESSMENT","13.9803951122607"
"1103","SAM HOUSTON CIR","DRIVEWAY","PENDING ASSESSMENT","14.6826033404673"
"1104","SAM HOUSTON CIR","DRIVEWAY","PENDING ASSESSMENT","16.7971584870624"
"1105","COURTYARD DR","DRIVEWAY","PENDING ASSESSMENT","17.5795424172537"
"1106","COURTYARD DR","DRIVEWAY","PENDING ASSESSMENT","12.7772843678025"
"1107","COURTYARD DR","DRIVEWAY","PENDING ASSESSMENT","11.7823836175357"
"1108","COURTYARD DR","DRIVEWAY","PENDING ASSESSMENT","21.734641000171"
"1109","COURTYARD DR","DRIVEWAY","PENDING ASSESSMENT","9.65625051810686"
"1110","COURTYARD DR","DRIVEWAY","PENDING ASSESSMENT","14.4340395982556"
"1111","COURTYARD DR","DRIVEWAY","PENDING ASSESSMENT","11.8973820566489"
"1114","N SCOUT ISLAND CIR","DRIVEWAY","PENDING ASSESSMENT","11.1162245621519"
"1115","LADERA NORTE","DRIVEWAY","PENDING ASSESSMENT","16.9116966236084"
"1116","COURTYARD DR","DRIVEWAY","PENDING ASSESSMENT","28.7916694366512"
"1117","TOM WOOTEN DR","DRIVEWAY","PENDING ASSESSMENT","9.12356664595996"
"1119","CROSS VALLEY RUN","DRIVEWAY","PENDING ASSESSMENT","14.2245301185563"
"1120","S SCOUT ISLAND CIR","DRIVEWAY","PENDING ASSESSMENT","14.4723149845975"
"1121","S SCOUT ISLAND CIR","DRIVEWAY","PENDING ASSESSMENT","7.43114773288648"
"1123","COURTYARD DR","DRIVEWAY","PENDING ASSESSMENT","12.0037566143944"
"1124","COURTYARD DR","DRIVEWAY","PENDING ASSESSMENT","13.0705785271619"
"1125","COURTYARD DR","DRIVEWAY","PENDING ASSESSMENT","32.594949659472"
"1126","COURTYARD DR","DRIVEWAY","PENDING ASSESSMENT","14.6728860070665"
"1127","COURTYARD DR","DRIVEWAY","PENDING ASSESSMENT","19.6782223369126"
"1128","COURTYARD DR","DRIVEWAY","PENDING ASSESSMENT","19.4979480819172"
"1129","COURTYARD DR","DRIVEWAY","PENDING ASSESSMENT","15.4374647513416"
"1130","WEST COURTYARD DR","DRIVEWAY","PENDING ASSESSMENT","55.413648467652"
"1131","COURTYARD DR","DRIVEWAY","PENDING ASSESSMENT","15.9390072857743"
"1132","WOLF CT","DRIVEWAY","PENDING ASSESSMENT","9.71502616250352"
"1133","MOUNT BONNELL RD","EXISTING_SIDEWALK","PENDING ASSESSMENT","323.213336257349"
"1135","MOUNT BONNELL RD","DRIVEWAY","PENDING ASSESSMENT","30.967222612213"
"1136","MOUNTAIN VILLA DR","EXISTING_SIDEWALK","PENDING ASSESSMENT","51.8738784291661"
"1137","MOUNTAIN VILLA DR","DRIVEWAY","PENDING ASSESSMENT","22.5241190023544"
"1138","MOUNTAIN VILLA DR","DRIVEWAY","PENDING ASSESSMENT","22.8280899125531"
"1139","MOUNT BONNELL RD","EXISTING_SIDEWALK","PENDING ASSESSMENT","50.5050858188841"
"1140","CHURCHILL DOWNS DR","DRIVEWAY","PENDING ASSESSMENT","24.2112264451589"
"1141","CHURCHILL DOWNS DR","DRIVEWAY","PENDING ASSESSMENT","27.9443030499379"
"1142","LONG CHAMP CT","DRIVEWAY","PENDING ASSESSMENT","16.3048216270206"
"1143","LONG CHAMP CT","DRIVEWAY","PENDING ASSESSMENT","19.0257721668374"
"1147","CAVALCADE CT","DRIVEWAY","PENDING ASSESSMENT","15.7744776501586"
"1148","MILL REEF CV","DRIVEWAY","PENDING ASSESSMENT","22.9695167650567"
"1149","WATER BANK CV","DRIVEWAY","PENDING ASSESSMENT","15.9488839547338"
"1150","WATER BANK CV","DRIVEWAY","PENDING ASSESSMENT","17.0579214357406"
"1151","WATER BANK CV","DRIVEWAY","PENDING ASSESSMENT","14.9325541411021"
"1152","WATER BANK CV","DRIVEWAY","PENDING ASSESSMENT","25.2638291857934"
"1153","CLARION CV","DRIVEWAY","PENDING ASSESSMENT","15.3441239607897"
"1156","REAL WIND CV","DRIVEWAY","PENDING ASSESSMENT","16.923341905443"
"1165","NEVER BEND CV","DRIVEWAY","PENDING ASSESSMENT","14.0155741599626"
"1168","SIR IVOR CV","DRIVEWAY","PENDING ASSESSMENT","14.0948089027907"
"1172","CANONERO DR","DRIVEWAY","PENDING ASSESSMENT","30.6662026473543"
"1173","CANONERO DR","DRIVEWAY","PENDING ASSESSMENT","18.2104819282931"
"1174","CANONERO DR","DRIVEWAY","PENDING ASSESSMENT","17.5722463793542"
"1175","MANCHACA RD","DRIVEWAY","FUNCTIONALLY DEFICIENT","18.0183364803534"
"1176","MANCHACA RD","DRIVEWAY","FUNCTIONALLY DEFICIENT","34.8977976766181"
"1177","MANCHACA RD","DRIVEWAY","FUNCTIONALLY DEFICIENT","12.1521320979794"
"1178","MANCHACA RD","DRIVEWAY","FUNCTIONALLY DEFICIENT","12.4485412428563"
"1179","MANCHACA RD","DRIVEWAY","FUNCTIONALLY DEFICIENT","32.8014670204721"
"1181","VICTORY DR","DRIVEWAY","FUNCTIONALLY ACCEPTABLE","33.0134292085928"
"1182","VICTORY DR","DRIVEWAY","FUNCTIONALLY ACCEPTABLE","30.9229572339072"
"1183","VICTORY DR","DRIVEWAY","FUNCTIONALLY ACCEPTABLE","27.4758752585281"
"1184","VICTORY DR","DRIVEWAY","FUNCTIONALLY ACCEPTABLE","26.9554632890395"
"1185","VICTORY DR","DRIVEWAY","FUNCTIONALLY ACCEPTABLE","37.1365266351101"
"1186","VICTORY DR","DRIVEWAY","FUNCTIONALLY ACCEPTABLE","27.1053897774335"
"1187","W BEN WHITE BLVD SVRD WB","DRIVEWAY","PENDING ASSESSMENT","50.1706132175672"
"1188","S LAMAR SVRD NB TO BEN WHITE EB RAMP","DRIVEWAY","PENDING ASSESSMENT","32.8677694130366"
"1189","S LAMAR BLVD","EXISTING_SIDEWALK","PENDING ASSESSMENT","31.2685160366073"
"1190","S LAMAR BLVD","DRIVEWAY","PENDING ASSESSMENT","31.2012576729952"
"1191","MANCHACA RD","DRIVEWAY","FUNCTIONALLY DEFICIENT","36.6701014490445"
"1194","LARCHMONT DR","DRIVEWAY","PENDING ASSESSMENT","17.5852011716864"
"1195","LARCHMONT DR","DRIVEWAY","PENDING ASSESSMENT","20.1429350622147"
"1196","BANISTER LN","EXISTING_SIDEWALK","PENDING ASSESSMENT","57.7322246713976"
"1197","WEST GATE BLVD","DRIVEWAY","FUNCTIONALLY ACCEPTABLE","29.1118677665401"
"1198","RADAM CIR","DRIVEWAY","PENDING ASSESSMENT","17.1929550015702"
"1199","ABERDEEN DR","DRIVEWAY","PENDING ASSESSMENT","9.3290839235761"
"1200","ABERDEEN DR","EXISTING_SIDEWALK","PENDING ASSESSMENT","57.3617476740838"
"1201","ABERDEEN DR","EXISTING_SIDEWALK","PENDING ASSESSMENT","55.3911043100324"
"1202","GLEN OAK DR","EXISTING_SIDEWALK","PENDING ASSESSMENT","51.7871142145509"
"1203","GLEN OAK DR","EXISTING_SIDEWALK","PENDING ASSESSMENT","54.2388388964207"
"1204","GLEN OAK DR","EXISTING_SIDEWALK","PENDING ASSESSMENT","67.3101455582375"
"1213","TOWN LAKE CIR","DRIVEWAY","PENDING ASSESSMENT","24.5869548021798"
"1217","ST EDWARDS DR","EXISTING_SIDEWALK","FUNCTIONALLY ACCEPTABLE","328.543759146585"
"1218","GREENFIELD PKWY","EXISTING_SIDEWALK","FUNCTIONALLY ACCEPTABLE","102.68784502365"
"1221","ANKEN DR","EXISTING_SIDEWALK","FUNCTIONALLY DEFICIENT","230.910811882358"
"1222","BARTON SKWY","DRIVEWAY","PENDING ASSESSMENT","18.2863861688731"
"1223","BARTON SKWY","DRIVEWAY","PENDING ASSESSMENT","16.0854057236729"
"1224","BARTON SKWY","DRIVEWAY","PENDING ASSESSMENT","12.5206523354246"
"1225","BARTON SKWY","DRIVEWAY","PENDING ASSESSMENT","18.4735521035357"
"1229","THOUSAND OAKS DR","EXISTING_SIDEWALK","PENDING ASSESSMENT","26.9915546136645"
"1230","CRESTED BUTTE DR","EXISTING_SIDEWALK","PENDING ASSESSMENT","21.6490498978602"
"1231","HOLLY HILL DR","DRIVEWAY","PENDING ASSESSMENT","18.301775955566"
"1239","SMALL DR","EXISTING_SIDEWALK","PENDING ASSESSMENT","25.5240172693975"
"1240","SMALL DR","DRIVEWAY","PENDING ASSESSMENT","16.5555605698795"
"1241","SMALL DR","DRIVEWAY","PENDING ASSESSMENT","12.5050077970936"
"1242","SMALL DR","DRIVEWAY","PENDING ASSESSMENT","19.8467372842491"
"1243","SMALL DR","DRIVEWAY","PENDING ASSESSMENT","16.4407862300084"
"1244","SMALL DR","DRIVEWAY","PENDING ASSESSMENT","19.5136585346118"
"1245","SMALL DR","DRIVEWAY","PENDING ASSESSMENT","16.8557801775096"
"1246","SMALL DR","DRIVEWAY","PENDING ASSESSMENT","17.0534663357861"
"1247","MOUNT BONNELL RD","EXISTING_SIDEWALK","PENDING ASSESSMENT","113.765301491347"
"1248","PALISADE DR","DRIVEWAY","PENDING ASSESSMENT","11.8469304340348"
"1249","BUTTE BLVD","DRIVEWAY","PENDING ASSESSMENT","25.2390179844546"
"1250","BUTTE BLVD","DRIVEWAY","PENDING ASSESSMENT","26.2105238510691"
"1251","PALISADE DR","DRIVEWAY","PENDING ASSESSMENT","27.276963588441"
"1252","PALISADE DR","DRIVEWAY","PENDING ASSESSMENT","27.2237074488883"
"1253","PALISADE DR","DRIVEWAY","PENDING ASSESSMENT","15.7922635658063"
"1254","PALISADE DR","DRIVEWAY","PENDING ASSESSMENT","24.1222769644072"
"1255","PALISADE DR","DRIVEWAY","PENDING ASSESSMENT","17.5254742313821"
"1256","PALISADE DR","DRIVEWAY","PENDING ASSESSMENT","20.315938617073"
"1257","PALISADE DR","DRIVEWAY","PENDING ASSESSMENT","23.7015021035169"
"1258","COLORADO XING","DRIVEWAY","PENDING ASSESSMENT","11.7155753826451"
"1259","COLORADO XING","DRIVEWAY","PENDING ASSESSMENT","13.7573356951634"
"1260","COLORADO XING","DRIVEWAY","PENDING ASSESSMENT","18.503707104111"
"1261","COLORADO XING","DRIVEWAY","PENDING ASSESSMENT","11.8405035362377"
"1262","COLORADO XING","DRIVEWAY","PENDING ASSESSMENT","12.3407164506247"
"1263","COLORADO XING","DRIVEWAY","PENDING ASSESSMENT","19.2150738285338"
"1264","COLORADO XING","DRIVEWAY","PENDING ASSESSMENT","23.1804007143698"
"1265","COLORADO XING","DRIVEWAY","PENDING ASSESSMENT","20.870360152807"
"1266","COLORADO XING","DRIVEWAY","PENDING ASSESSMENT","15.4645507815433"
"1267","COLORADO XING","DRIVEWAY","PENDING ASSESSMENT","27.7102151104619"
"1268","LONG CHAMP DR","DRIVEWAY","PENDING ASSESSMENT","19.1252903084162"
"1269","LONG CHAMP DR","DRIVEWAY","PENDING ASSESSMENT","16.2181204875116"
"1270","LONG CHAMP DR","DRIVEWAY","PENDING ASSESSMENT","30.4029693936918"
"1271","LONG CHAMP DR","EXISTING_SIDEWALK","PENDING ASSESSMENT","35.5295746739899"
"1272","LONG CHAMP DR","EXISTING_SIDEWALK","PENDING ASSESSMENT","36.3722973564752"
"1274","LONG CHAMP DR","DRIVEWAY","PENDING ASSESSMENT","18.3113206139278"
"1277","COURTYARD DR","DRIVEWAY","PENDING ASSESSMENT","17.5580691797347"
"1278","COURTYARD DR","DRIVEWAY","PENDING ASSESSMENT","8.99288328427773"
"1279","MOUNTAIN VILLA DR","EXISTING_SIDEWALK","PENDING ASSESSMENT","20.9272296340694"
"1280","MOUNT BONNELL RD","EXISTING_SIDEWALK","PENDING ASSESSMENT","369.006092745245"
"1281","MOUNT BONNELL RD","EXISTING_SIDEWALK","PENDING ASSESSMENT","356.672671347319"
"1283","MOUNTAIN VILLA DR","EXISTING_SIDEWALK","PENDING ASSESSMENT","24.4036851546899"
"1284","MOUNTAIN VILLA DR","DRIVEWAY","PENDING ASSESSMENT","19.0325997785523"
"1285","MOUNT BONNELL RD","EXISTING_SIDEWALK","PENDING ASSESSMENT","58.2586101990248"
"1286","WESTLAKE DR","DRIVEWAY","PENDING ASSESSMENT","17.6965098010353"
"1287","WESTLAKE DR","DRIVEWAY","PENDING ASSESSMENT","14.6820688164195"
"1288","WESTLAKE DR","DRIVEWAY","PENDING ASSESSMENT","17.0202886875953"
"1289","WESTLAKE DR","DRIVEWAY","PENDING ASSESSMENT","21.1423950787799"
"1290","WESTLAKE DR","EXISTING_SIDEWALK","PENDING ASSESSMENT","59.2249938394704"
"1293","CARRY BACK LN","DRIVEWAY","PENDING ASSESSMENT","16.0550447097154"
"1294","RIVA RIDGE RD","DRIVEWAY","PENDING ASSESSMENT","15.3700345097809"
"1295","RIVA RIDGE RD","DRIVEWAY","PENDING ASSESSMENT","15.7225805984687"
"1296","BARTON SKWY","DRIVEWAY","PENDING ASSESSMENT","46.4432522619337"
"1297","BARTON SKWY","DRIVEWAY","PENDING ASSESSMENT","34.7675754479277"
"1298","BARTON SKWY","DRIVEWAY","PENDING ASSESSMENT","34.5103259123345"
"1299","BARTON SKWY","DRIVEWAY","PENDING ASSESSMENT","37.1760324030711"
"1300","BROOKHAVEN DR","EXISTING_SIDEWALK","PENDING ASSESSMENT","10.5016394085247"
"1301","BROOKHAVEN DR","EXISTING_SIDEWALK","PENDING ASSESSMENT","10.9439871086852"
"1302","BROOKHAVEN DR","DRIVEWAY","PENDING ASSESSMENT","14.1795196817243"
"1303","GLENCLIFF DR","DRIVEWAY","PENDING ASSESSMENT","15.7944127332672"
"1304","BARTON SKWY","DRIVEWAY","PENDING ASSESSMENT","40.7289525978003"
"1305","BARTON SKWY","DRIVEWAY","PENDING ASSESSMENT","31.3911848913161"
"1306","BARTON SKWY","DRIVEWAY","PENDING ASSESSMENT","32.0987370320879"
"1307","BARTON SKWY","DRIVEWAY","PENDING ASSESSMENT","31.8778290805238"
"1308","TREADWELL ST","EXISTING_SIDEWALK","PENDING ASSESSMENT","118.220854681292"
"1309","BARTON HILLS DR","DRIVEWAY","PENDING ASSESSMENT","28.7162313414601"
"1310","BARTON HILLS DR","DRIVEWAY","PENDING ASSESSMENT","17.3282411626748"
"1311","CRESTHAVEN DR","DRIVEWAY","PENDING ASSESSMENT","21.4468883115459"
"1312","SPYGLASS DR","DRIVEWAY","PENDING ASSESSMENT","30.1359736947163"
"1313","SPYGLASS DR","DRIVEWAY","PENDING ASSESSMENT","34.7830262566937"
"1314","SPYGLASS DR","DRIVEWAY","PENDING ASSESSMENT","50.6745785121351"
"1315","SPYGLASS DR","DRIVEWAY","PENDING ASSESSMENT","41.6864725770592"
"1316","SPYGLASS DR","DRIVEWAY","PENDING ASSESSMENT","34.9270483620276"
"1317","SPYGLASS DR","DRIVEWAY","PENDING ASSESSMENT","138.330468203673"
"1318","SPYGLASS DR","DRIVEWAY","PENDING ASSESSMENT","91.7742471823857"
"1319","SPYGLASS DR","DRIVEWAY","PENDING ASSESSMENT","47.9312542351702"
"1320","SPYGLASS DR","DRIVEWAY","PENDING ASSESSMENT","32.1458074189694"
"1321","SPYGLASS DR","DRIVEWAY","PENDING ASSESSMENT","29.8612170153906"
"1322","SPYGLASS DR","DRIVEWAY","PENDING ASSESSMENT","20.6749730973902"
"1323","TREADWELL ST","EXISTING_SIDEWALK","PENDING ASSESSMENT","95.5009015634123"
"1324","BARTON HILLS DR","DRIVEWAY","PENDING ASSESSMENT","30.6399520348781"
"1325","BARTON HILLS DR","DRIVEWAY","PENDING ASSESSMENT","18.301671114766"
"1326","BARTON HILLS DR","DRIVEWAY","PENDING ASSESSMENT","20.2362298759791"
"1327","BARTON HILLS DR","DRIVEWAY","PENDING ASSESSMENT","20.3128239393318"
"1328","BARTON HILLS DR","DRIVEWAY","PENDING ASSESSMENT","21.0075769065433"
"1329","BARTON HILLS DR","DRIVEWAY","PENDING ASSESSMENT","17.0519577336071"
"1330","BARTON HILLS DR","DRIVEWAY","PENDING ASSESSMENT","24.5495953160946"
"1331","BARTON HILLS DR","DRIVEWAY","PENDING ASSESSMENT","19.5556774279479"
"1332","BARTON HILLS DR","DRIVEWAY","PENDING ASSESSMENT","20.3845341509173"
"1333","BARHILL DR","DRIVEWAY","PENDING ASSESSMENT","18.1137785816284"
"1334","BARTON HILLS DR","DRIVEWAY","PENDING ASSESSMENT","23.0385375884753"
"1336","BARTON HILLS DR","DRIVEWAY","PENDING ASSESSMENT","29.6464248981601"
"1337","BARTON HILLS DR","DRIVEWAY","PENDING ASSESSMENT","11.6858590490346"
"1338","HOMEDALE DR","DRIVEWAY","PENDING ASSESSMENT","28.6825904993279"
"1339","HOMEDALE DR","DRIVEWAY","PENDING ASSESSMENT","17.0019069457381"
"1340","BARTON HILLS DR","DRIVEWAY","PENDING ASSESSMENT","20.9110074069283"
"1341","BARTON HILLS DR","DRIVEWAY","PENDING ASSESSMENT","17.2475470428714"
"1342","BARTON HILLS DR","DRIVEWAY","PENDING ASSESSMENT","17.8854877688656"
"1343","BARTON HILLS DR","DRIVEWAY","PENDING ASSESSMENT","20.348332630047"
"1344","BARTON HILLS DR","DRIVEWAY","PENDING ASSESSMENT","17.7618427990392"
"1345","BARTON HILLS DR","DRIVEWAY","PENDING ASSESSMENT","23.5699288779471"
"1346","BARTON HILLS DR","DRIVEWAY","PENDING ASSESSMENT","17.4273700332398"
"1347","BARTON HILLS DR","DRIVEWAY","PENDING ASSESSMENT","21.7795412945296"
"1348","BARTON HILLS DR","DRIVEWAY","PENDING ASSESSMENT","14.7564038713165"
"1349","BARTON HILLS DR","DRIVEWAY","PENDING ASSESSMENT","10.7140153379914"
"1350","BARTON HILLS DR","DRIVEWAY","PENDING ASSESSMENT","21.7044368104705"
"1351","SPYGLASS DR","DRIVEWAY","PENDING ASSESSMENT","28.3025842151374"
"1352","SPYGLASS DR","DRIVEWAY","PENDING ASSESSMENT","31.9314540179507"
"1353","BROOKHAVEN DR","EXISTING_SIDEWALK","PENDING ASSESSMENT","66.2362767268113"
"1354","BROOKHAVEN DR","EXISTING_SIDEWALK","PENDING ASSESSMENT","53.1473068404435"
"1355","BROOKHAVEN DR","EXISTING_SIDEWALK","PENDING ASSESSMENT","53.165527775776"
"1356","BROOKHAVEN DR","DRIVEWAY","PENDING ASSESSMENT","16.8401606845038"
"1357","BARTON HILLS DR","DRIVEWAY","PENDING ASSESSMENT","14.1912787067371"
"1358","BARTON HILLS DR","DRIVEWAY","PENDING ASSESSMENT","22.6780419205271"
"1359","BARTON HILLS DR","DRIVEWAY","PENDING ASSESSMENT","25.1266617437817"
"1361","VIA FORTUNA","DRIVEWAY","PENDING ASSESSMENT","43.2414470925598"
"1362","BARTON HILLS DR","DRIVEWAY","PENDING ASSESSMENT","16.6512126650914"
"1363","BARTON HILLS DR","DRIVEWAY","PENDING ASSESSMENT","18.2739064408389"
"1364","BARTON HILLS DR","DRIVEWAY","PENDING ASSESSMENT","15.6322327762375"
"1365","BARTON HILLS DR","DRIVEWAY","PENDING ASSESSMENT","22.8571818103774"
"1366","BARTON HILLS DR","DRIVEWAY","PENDING ASSESSMENT","21.7962370954201"
"1367","BARTON HILLS DR","DRIVEWAY","PENDING ASSESSMENT","20.1892262136349"
"1368","BARTON HILLS DR","EXISTING_SIDEWALK","PENDING ASSESSMENT","118.212227805278"
"1373","S LAKESHORE BLVD","EXISTING_SIDEWALK","FUNCTIONALLY ACCEPTABLE","40.2745458642328"
"1376","S LAMAR BLVD","DRIVEWAY","PENDING ASSESSMENT","42.1615102560908"
"1377","S LAMAR BLVD","DRIVEWAY","PENDING ASSESSMENT","29.9855210289082"
"1378","S LAMAR BLVD","DRIVEWAY","PENDING ASSESSMENT","30.7402523196124"
"1379","S LAMAR BLVD","EXISTING_SIDEWALK","PENDING ASSESSMENT","192.021108644145"
"1385","DOONE VALLEY CT","DRIVEWAY","PENDING ASSESSMENT","14.3088072233504"
"1386","AUTUMNLEAF HOLW","EXISTING_SIDEWALK","PENDING ASSESSMENT","34.2995877693932"
"1387","AUTUMNLEAF HOLW","EXISTING_SIDEWALK","PENDING ASSESSMENT","25.9589360554083"
"1389","PALISADE DR","DRIVEWAY","PENDING ASSESSMENT","23.8130227885475"
"1390","PALISADE DR","DRIVEWAY","PENDING ASSESSMENT","21.1377428057134"
"1391","PALISADE DR","DRIVEWAY","PENDING ASSESSMENT","19.4255488852701"
"1392","COLORADO XING","DRIVEWAY","PENDING ASSESSMENT","11.0284304584543"
"1393","BONNELL VISTA ST","EXISTING_SIDEWALK","PENDING ASSESSMENT","62.3103287665929"
"1394","BONNELL VISTA ST","DRIVEWAY","PENDING ASSESSMENT","22.5261391023352"
"1396","PALISADE CT","DRIVEWAY","PENDING ASSESSMENT","24.934497779457"
"1397","PALISADE CT","DRIVEWAY","PENDING ASSESSMENT","20.1129569058849"
"1398","LONG CHAMP DR","DRIVEWAY","PENDING ASSESSMENT","15.9833847880987"
"1399","LONG CHAMP DR","DRIVEWAY","PENDING ASSESSMENT","17.5169629088316"
"1400","LONG CHAMP DR","DRIVEWAY","PENDING ASSESSMENT","16.3381119809716"
"1401","RIVER DOWNS CV","DRIVEWAY","PENDING ASSESSMENT","15.4231001733508"
"1403","CHURCHILL DOWNS DR","DRIVEWAY","PENDING ASSESSMENT","11.4998177595547"
"1404","SPYGLASS DR","DRIVEWAY","PENDING ASSESSMENT","25.8228118402464"
"1405","SPYGLASS DR","DRIVEWAY","PENDING ASSESSMENT","22.2994632908456"
"1406","SPYGLASS DR","DRIVEWAY","PENDING ASSESSMENT","12.6867681935957"
"1407","SPYGLASS DR","DRIVEWAY","PENDING ASSESSMENT","27.2918867827159"
"1408","SPYGLASS DR","DRIVEWAY","PENDING ASSESSMENT","28.5793459473312"
"1409","SPYGLASS DR","DRIVEWAY","PENDING ASSESSMENT","49.0733901238384"
"1410","SPYGLASS DR","DRIVEWAY","PENDING ASSESSMENT","18.2752820368898"
"1411","SPYGLASS DR","DRIVEWAY","PENDING ASSESSMENT","18.83269958484"
"1412","BROOKHAVEN DR","EXISTING_SIDEWALK","PENDING ASSESSMENT","22.5266479576322"
"1413","BROOKHAVEN DR","EXISTING_SIDEWALK","PENDING ASSESSMENT","30.9947195475761"
"1414","BROOKHAVEN DR","EXISTING_SIDEWALK","PENDING ASSESSMENT","22.4356138396728"
"1415","BROOKHAVEN DR","EXISTING_SIDEWALK","PENDING ASSESSMENT","67.5605710736671"
"1416","BROOKHAVEN DR","EXISTING_SIDEWALK","PENDING ASSESSMENT","45.6863300951479"
"1417","BROOKHAVEN DR","EXISTING_SIDEWALK","PENDING ASSESSMENT","11.0585303134619"
"1418","BROOKHAVEN DR","EXISTING_SIDEWALK","PENDING ASSESSMENT","185.912590004461"
"1419","BROOKHAVEN DR","EXISTING_SIDEWALK","PENDING ASSESSMENT","43.1208834591193"
"1420","BROOKHAVEN DR","DRIVEWAY","PENDING ASSESSMENT","13.826863531072"
"1421","BROOKHAVEN DR","DRIVEWAY","PENDING ASSESSMENT","13.6670518217332"
"1422","BROOKHAVEN DR","DRIVEWAY","PENDING ASSESSMENT","17.5758527859551"
"1423","BROOKHAVEN DR","DRIVEWAY","PENDING ASSESSMENT","16.2717658757796"
"1424","BROOKHAVEN DR","DRIVEWAY","PENDING ASSESSMENT","12.9340137535592"
"1425","BROOKHAVEN DR","DRIVEWAY","PENDING ASSESSMENT","14.8442823107587"
"1426","BROOKHAVEN DR","DRIVEWAY","PENDING ASSESSMENT","15.6885904926568"
"1427","BROOKHAVEN DR","DRIVEWAY","PENDING ASSESSMENT","19.1566171087504"
"1428","BROOKHAVEN DR","DRIVEWAY","PENDING ASSESSMENT","17.623890812354"
"1429","BROOKHAVEN DR","DRIVEWAY","PENDING ASSESSMENT","16.1972313250249"
"1430","BROOKHAVEN DR","DRIVEWAY","PENDING ASSESSMENT","13.8432206709165"
"1431","BROOKHAVEN DR","DRIVEWAY","PENDING ASSESSMENT","14.1907357888519"
"1432","BROOKHAVEN DR","DRIVEWAY","PENDING ASSESSMENT","18.2221522677732"
"1437","BARTON SKWY","DRIVEWAY","PENDING ASSESSMENT","26.2492936453062"
"1438","BARTON SKWY","DRIVEWAY","PENDING ASSESSMENT","37.7988254706018"
"1439","BARTON SKWY","DRIVEWAY","PENDING ASSESSMENT","29.9216085193462"
"1440","BARTON SKWY","DRIVEWAY","PENDING ASSESSMENT","39.6486299396767"
"1441","COATBRIDGE DR","DRIVEWAY","PENDING ASSESSMENT","15.561458926042"
"1442","COATBRIDGE DR","DRIVEWAY","PENDING ASSESSMENT","16.8763159413785"
"1443","COATBRIDGE DR","DRIVEWAY","PENDING ASSESSMENT","16.0626790687666"
"1444","COATBRIDGE DR","DRIVEWAY","PENDING ASSESSMENT","10.6882409466514"
"1445","COATBRIDGE DR","DRIVEWAY","PENDING ASSESSMENT","16.497918908334"
"1446","COATBRIDGE DR","DRIVEWAY","PENDING ASSESSMENT","17.4054120604014"
"1447","COATBRIDGE DR","DRIVEWAY","PENDING ASSESSMENT","19.1849871698255"
"1448","COATBRIDGE DR","DRIVEWAY","PENDING ASSESSMENT","18.0599363245404"
"1449","COATBRIDGE DR","DRIVEWAY","PENDING ASSESSMENT","12.968529266843"
"1450","COATBRIDGE DR","DRIVEWAY","PENDING ASSESSMENT","18.030996420894"
"1451","COATBRIDGE DR","DRIVEWAY","PENDING ASSESSMENT","17.9362432949962"
"1452","EMERALD WOOD DR","EXISTING_SIDEWALK","PENDING ASSESSMENT","81.7040271874357"
"1454","EMERALD WOOD DR","DRIVEWAY","PENDING ASSESSMENT","119.673033050418"
"1455","W BEN WHITE BLVD SVRD EB","DRIVEWAY","PENDING ASSESSMENT","35.4981341397644"
"1456","MANCHACA RD","DRIVEWAY","FUNCTIONALLY ACCEPTABLE","15.9456052395863"
"1457","W BEN WHITE BLVD SVRD EB","DRIVEWAY","PENDING ASSESSMENT","52.4585383379354"
"1458","FRONTIER TRL","DRIVEWAY","PENDING ASSESSMENT","23.1725179765651"
"1459","W BEN WHITE BLVD SVRD WB","DRIVEWAY","PENDING ASSESSMENT","43.3290452101122"
"1460","BANISTER LN","EXISTING_SIDEWALK","FUNCTIONALLY ACCEPTABLE","134.818865719047"
"1462","MOUNT VERNON DR","EXISTING_SIDEWALK","PENDING ASSESSMENT","258.244199050999"
"1463","BUFFALO PASS","DRIVEWAY","PENDING ASSESSMENT","13.6443600336657"
"1464","BUFFALO PASS","EXISTING_SIDEWALK","PENDING ASSESSMENT","24.4528851113662"
"1465","COATBRIDGE DR","DRIVEWAY","PENDING ASSESSMENT","17.0609960546797"
"1467","SALEM HILL DR","EXISTING_SIDEWALK","PENDING ASSESSMENT","65.4861793834811"
"1468","SALEM HILL DR","EXISTING_SIDEWALK","PENDING ASSESSMENT","58.8359774416232"
"1469","SALEM HILL DR","EXISTING_SIDEWALK","PENDING ASSESSMENT","62.5281306184857"
"1470","SALEM HILL DR","EXISTING_SIDEWALK","PENDING ASSESSMENT","56.8734496569766"
"1471","SALEM HILL DR","DRIVEWAY","PENDING ASSESSMENT","16.5267430753538"
"1472","BLARWOOD DR","DRIVEWAY","PENDING ASSESSMENT","17.4053700664336"
"1473","BLARWOOD DR","DRIVEWAY","PENDING ASSESSMENT","17.7924191830656"
"1474","BLARWOOD DR","DRIVEWAY","PENDING ASSESSMENT","22.8677451020747"
"1475","BLARWOOD DR","DRIVEWAY","PENDING ASSESSMENT","18.0445192040509"
"1476","BLARWOOD DR","DRIVEWAY","PENDING ASSESSMENT","18.8895182595067"
"1477","BLARWOOD DR","DRIVEWAY","PENDING ASSESSMENT","24.0734075047612"